record_id,kmer,count,freq_in_record
PX802414.1,ATAATCTTC,1,0.001458
PX802414.1,TAATCTTCT,1,0.001458
PX802414.1,AATCTTCTT,1,0.001458
PX802414.1,ATACCAATC,1,0.001458
PX802414.1,TACCAATCA,1,0.001458
PX802414.1,ACCAATCAT,1,0.001458
PX802414.1,CCAATCATG,1,0.001458
PX802414.1,CAATCATGA,1,0.001458
PX802414.1,AATCATGAT,1,0.001458
PX802414.1,TAATAATCG,1,0.001458
PX802414.1,AATAATCGG,1,0.001458
PX802414.1,ATAATCGGA,1,0.001458
PX802414.1,TAATCGGAG,1,0.001458
PX802414.1,AATCGGAGC,1,0.001458
PX802414.1,ATCGGAGCC,1,0.001458
PX802414.1,TCGGAGCCC,1,0.001458
PX802414.1,CGGAGCCCC,1,0.001458
PX802414.1,AACAACATA,1,0.001458
PX802414.1,ACAACATAA,1,0.001458
PX802414.1,CAACATAAG,1,0.001458
PX802414.1,AACATAAGC,1,0.001458
PX802414.1,ACATAAGCT,1,0.001458
PX802414.1,CATAAGCTT,1,0.001458
PX802414.1,ATAAGCTTC,1,0.001458
PX802414.1,TAAGCTTCT,1,0.001458
PX802414.1,AAGCTTCTG,1,0.001458
PX802414.1,AGCTTCTGA,1,0.001458
PX802414.1,GCTTCTGAC,1,0.001458
PX802414.1,CTTCTGACT,1,0.001458
PX802414.1,CCCCCCTCC,1,0.001458
PX802414.1,CCCCCTCCT,1,0.001458
PX802414.1,CCCCTCCTT,1,0.001458
PX802414.1,CCCTCCTTC,1,0.001458
PX802414.1,GCAACCTAG,1,0.001458
PX802414.1,CAACCTAGC,1,0.001458
PX802414.1,AACCTAGCC,1,0.001458
PX802414.1,ACCTAGCCC,1,0.001458
PX802414.1,CCTAGCCCA,1,0.001458
PX802414.1,ATCTTCTCC,1,0.001458
PX802414.1,TCTTCTCCC,1,0.001458
PX802414.1,CTTCTCCCT,1,0.001458
PX802414.1,ATCAACATA,1,0.001458
PX802414.1,TCAACATAA,1,0.001458
PX802414.1,CAACATAAA,1,0.001458
PX802414.1,AACATAAAA,1,0.001458
PX802414.1,ACATAAAAC,1,0.001458
PX802414.1,CATAAAACC,1,0.001458
PX802414.1,AAACCCCCC,1,0.001458
PX802414.1,TCCTCCTAC,1,0.001458
PX802414.1,CCTCCTACT,1,0.001458
PX802414.1,AACACCACA,1,0.001458
PX802414.1,ACACCACAT,1,0.001458
PX802414.1,CACCACATT,1,0.001458
PX802414.1,ACCACATTC,1,0.001458
PX802414.1,CCACATTCT,1,0.001458
PX802414.1,CACATTCTT,1,0.001458
PX802414.1,GGCGGAGAC,1,0.001458
PX802414.1,GCGGAGACC,1,0.001458
PX802414.1,CGGAGACCC,1,0.001458
PX802413.1,ATAATCTTC,1,0.001458
PX802413.1,TAATCTTCT,1,0.001458
PX802413.1,AATCTTCTT,1,0.001458
PX802413.1,ATACCAATC,1,0.001458
PX802413.1,TACCAATCA,1,0.001458
PX802413.1,ACCAATCAT,1,0.001458
PX802413.1,ATAATCGGA,2,0.002915
PX802413.1,TAATCGGAG,2,0.002915
PX802413.1,TAATAATCG,1,0.001458
PX802413.1,AATAATCGG,1,0.001458
PX802413.1,AATCGGAGC,1,0.001458
PX802413.1,ATCGGAGCC,1,0.001458
PX802413.1,TCGGAGCCC,1,0.001458
PX802413.1,CGGAGCCCC,1,0.001458
PX802413.1,AACAACATA,1,0.001458
PX802413.1,ACAACATAA,1,0.001458
PX802413.1,CAACATAAG,1,0.001458
PX802413.1,AACATAAGC,1,0.001458
PX802413.1,ACATAAGCT,1,0.001458
PX802413.1,CATAAGCTT,1,0.001458
PX802413.1,ATAAGCTTC,1,0.001458
PX802413.1,TAAGCTTCT,1,0.001458
PX802413.1,AAGCTTCTG,1,0.001458
PX802413.1,AGCTTCTGA,1,0.001458
PX802413.1,GCTTCTGAC,1,0.001458
PX802413.1,CTTCTGACT,1,0.001458
PX802413.1,CCCCCCTCC,1,0.001458
PX802413.1,CCCCCTCCT,1,0.001458
PX802413.1,CCCCTCCTT,1,0.001458
PX802413.1,CCCTCCTTC,1,0.001458
PX802413.1,TACCCCCCT,1,0.001458
PX802413.1,ACCCCCCTC,1,0.001458
PX802413.1,GCAACCTAG,1,0.001458
PX802413.1,CAACCTAGC,1,0.001458
PX802413.1,ATCTTCTCC,1,0.001458
PX802413.1,TCTTCTCCC,1,0.001458
PX802413.1,CTTCTCCCT,1,0.001458
PX802413.1,ATCAACATA,1,0.001458
PX802413.1,TCAACATAA,1,0.001458
PX802413.1,CAACATAAA,1,0.001458
PX802413.1,AACATAAAA,1,0.001458
PX802413.1,ACATAAAAC,1,0.001458
PX802413.1,CATAAAACC,1,0.001458
PX802413.1,AAACCCCCC,1,0.001458
PX802413.1,TCCTCCTAC,1,0.001458
PX802413.1,CCTCCTACT,1,0.001458
PX802413.1,AACACCACA,1,0.001458
PX802413.1,ACACCACAT,1,0.001458
PX802413.1,CACCACATT,1,0.001458
PX802413.1,ACCACATTC,1,0.001458
PX802413.1,CCACATTCT,1,0.001458
PX802413.1,CACATTCTT,1,0.001458
PX802413.1,GGCGGAGAC,1,0.001458
PX802413.1,GCGGAGACC,1,0.001458
PX802413.1,CGGAGACCC,1,0.001458
PX765968.1,TCCTAGGAG,1,0.001590
PX765968.1,GCCCACGCC,1,0.001590
PX765968.1,CCCACGCCT,1,0.001590
PX765968.1,CCACGCCTT,1,0.001590
PX765968.1,CACGCCTTC,1,0.001590
PX765968.1,ACGCCTTCG,1,0.001590
PX765968.1,CGCCTTCGT,1,0.001590
PX765968.1,ATAATCTTC,1,0.001590
PX765968.1,TAATCTTCT,1,0.001590
PX765968.1,AATCTTCTT,1,0.001590
PX765968.1,ATCTTCTTT,1,0.001590
PX765968.1,TCTTCTTTA,1,0.001590
PX765968.1,CTTCTTTAT,1,0.001590
PX765968.1,TTCTTTATA,1,0.001590
PX765968.1,TCTTTATAG,1,0.001590
PX765968.1,CTTTATAGT,1,0.001590
PX765968.1,ATACCAATC,1,0.001590
PX765968.1,TACCAATCA,1,0.001590
PX765968.1,ACCAATCAT,1,0.001590
PX765968.1,ATAATCGGA,1,0.001590
PX765968.1,TAATCGGAG,1,0.001590
PX765968.1,AATCGGAGC,1,0.001590
PX765968.1,ATCGGAGCC,1,0.001590
PX765968.1,TCGGAGCCC,1,0.001590
PX765968.1,CGGAGCCCC,1,0.001590
PX765968.1,AACAACATA,1,0.001590
PX765968.1,ACAACATAA,1,0.001590
PX765968.1,CAACATAAG,1,0.001590
PX765968.1,AACATAAGC,1,0.001590
PX765968.1,ACATAAGCT,1,0.001590
PX765968.1,CATAAGCTT,1,0.001590
PX765968.1,ATAAGCTTC,1,0.001590
PX765968.1,TAAGCTTCT,1,0.001590
PX765968.1,AAGCTTCTG,1,0.001590
PX765968.1,AGCTTCTGA,1,0.001590
PX765968.1,GCTTCTGAC,1,0.001590
PX765968.1,CTTCTGACT,1,0.001590
PX765968.1,CCCCCCTCC,1,0.001590
PX765968.1,CCCCCTCCT,1,0.001590
PX765968.1,CCCCTCCTT,1,0.001590
PX765968.1,CCCTCCTTC,1,0.001590
PX765968.1,CTCCTAGCA,1,0.001590
PX765968.1,TCCTAGCAT,1,0.001590
PX765968.1,CCTAGCATC,1,0.001590
PX765968.1,ATCCTCCAT,1,0.001590
PX765968.1,AGTAGAGGC,1,0.001590
PX765968.1,TGAACAGTC,1,0.001590
PX765968.1,GAACAGTCT,1,0.001590
PX765968.1,AACAGTCTA,1,0.001590
PX765968.1,GCAACCTAG,1,0.001590
PX765968.1,CAACCTAGC,1,0.001590
PX765968.1,GCCATCTTC,1,0.001590
PX765968.1,CCATCTTCT,1,0.001590
PX765968.1,CATCTTCTC,1,0.001590
PX765968.1,ATCTTCTCC,1,0.001590
PX765968.1,TCTTCTCCC,1,0.001590
PX765968.1,CTTCTCCCT,1,0.001590
PX765968.1,CGCCATCAA,1,0.001590
PX765968.1,GCCATCAAC,2,0.003180
PX765968.1,CCATCAACA,1,0.001590
PX765968.1,CATCAACAT,1,0.001590
PX765968.1,ATCAACATA,1,0.001590
PX765968.1,TCAACATAA,1,0.001590
PX765968.1,CAACATAAA,1,0.001590
PX765968.1,AACATAAAA,1,0.001590
PX765968.1,ACATAAAAC,1,0.001590
PX765968.1,CATAAAACC,1,0.001590
PX765968.1,ATAAAACCA,1,0.001590
PX765968.1,TAAAACCAC,1,0.001590
PX765968.1,AAAACCACC,1,0.001590
PX765968.1,AAACCACCA,1,0.001590
PX765968.1,ACCAAACCC,1,0.001590
PX765968.1,CCAAACCCC,1,0.001590
PX765968.1,AACACCACA,1,0.001590
PX765968.1,ACACCACAT,1,0.001590
PX765968.1,CACCACATT,1,0.001590
PX765968.1,ACCACATTC,1,0.001590
PX765968.1,CCACATTCT,1,0.001590
PX765968.1,CACATTCTT,1,0.001590
PX765968.1,ACATTCTTT,1,0.001590
PX765968.1,CATTCTTTG,1,0.001590
PX765968.1,ATTCTTTGA,1,0.001590
PX765968.1,TACCAACAC,1,0.001590
PQ754480.1,GAAGTTTAC,1,0.001946
PQ754480.1,ACTCCTCCT,1,0.001946
PQ754480.1,CCATCCTAG,1,0.001946
OR857583.1,CAAATCTAC,1,0.001736
OR857583.1,AAATCTACA,1,0.001736
OR857583.1,AATCTACAA,1,0.001736
OR857583.1,ATCTACAAC,1,0.001736
OR857583.1,TCTACAACG,1,0.001736
OR857583.1,CTACAACGT,1,0.001736
OR857583.1,TACAACGTA,1,0.001736
OR857583.1,GCCCACGCC,1,0.001736
OR857583.1,CCCACGCCT,1,0.001736
OR857583.1,CCACGCCTT,1,0.001736
OR857583.1,CACGCCTTC,1,0.001736
OR857583.1,ACGCCTTCG,1,0.001736
OR857583.1,CGCCTTCGT,1,0.001736
OR857583.1,GGCGGCTTT,1,0.001736
OR857583.1,GCGGCTTTG,1,0.001736
OR857583.1,CGGCTTTGG,1,0.001736
OR857583.1,GGCTTTGGA,1,0.001736
OR857583.1,GCTTTGGAA,1,0.001736
OR857583.1,CTTTGGAAA,1,0.001736
OR857583.1,TTTGGAAAC,1,0.001736
OR857583.1,TTGGAAACT,1,0.001736
OR857583.1,TGGAAACTG,1,0.001736
OR857583.1,GACATGGCC,1,0.001736
OR857583.1,ACATGGCCT,1,0.001736
OR857583.1,CATGGCCTT,1,0.001736
OR857583.1,ATGGCCTTC,1,0.001736
OR857583.1,TGGCCTTCC,1,0.001736
OR857583.1,GGCCTTCCC,1,0.001736
OR857583.1,TCATACTCC,1,0.001736
OR857583.1,CATACTCCT,1,0.001736
OR857583.1,ATACTCCTC,1,0.001736
OR857583.1,TACTCCTCC,1,0.001736
OR857583.1,ACTCCTCCT,1,0.001736
OR857583.1,TCCACAGTA,1,0.001736
OR857583.1,CCACAGTAG,1,0.001736
OR857583.1,CACAGTAGA,1,0.001736
OR857583.1,TGAACAGTC,1,0.001736
OR857583.1,GAACAGTCT,1,0.001736
OR857583.1,AACAGTCTA,1,0.001736
OR857583.1,GCCATCTTC,1,0.001736
OR857583.1,CCATCTTCT,1,0.001736
OR857583.1,CATCTTCTC,1,0.001736
OR857583.1,ATCTTCTCC,1,0.001736
OR857583.1,TCTTCTCCC,1,0.001736
OR857583.1,CTTCTCCCT,1,0.001736
OR857583.1,TCCATCCTA,1,0.001736
OR857583.1,CCATCCTAG,1,0.001736
OR857583.1,CATCCTAGG,1,0.001736
OR857583.1,TCCTAGGAG,1,0.001736
OR857583.1,GCCATCAAC,1,0.001736
OR857583.1,CCATCAACA,1,0.001736
OR857583.1,CATCAACAT,1,0.001736
OR857583.1,ATCAACATA,1,0.001736
OR857583.1,TCAACATAA,1,0.001736
OR857583.1,CAACATAAA,1,0.001736
OR857583.1,AACATAAAA,1,0.001736
OR857583.1,ACATAAAAC,1,0.001736
OR857583.1,CATAAAACC,1,0.001736
OR857583.1,ACCAAACCC,1,0.001736
OR857583.1,CCAAACCCC,1,0.001736
OR857583.1,CAAACCCCC,1,0.001736
OR857583.1,AAACCCCCC,1,0.001736
OR857583.1,AACCCCCCT,1,0.001736
OR857583.1,ACCGCCATC,1,0.001736
OR857583.1,ATCCTCCTA,1,0.001736
OR857583.1,TCCTCCTAC,1,0.001736
OR857583.1,CCTCCTACT,1,0.001736
OR857583.1,TATCTCTCC,1,0.001736
OR857583.1,ATCTCTCCC,1,0.001736
OR857583.1,GTCCTAGCA,1,0.001736
OR857583.1,TCCTAGCAG,1,0.001736
OR857583.1,CCTAGCAGC,1,0.001736
OR857583.1,CTAGCAGCA,1,0.001736
OR857583.1,TAGCAGCAG,1,0.001736
OR857583.1,AGCAGCAGG,1,0.001736
OR857583.1,GACCCAATC,1,0.001736
OR857583.1,ACCCAATCC,1,0.001736
OR857583.1,CCCAATCCT,1,0.001736
OR857583.1,TACCAACAC,1,0.001736
OR857583.1,CACCCAGAA,1,0.001736
OR857583.1,ACCCAGAAG,1,0.001736
OR857583.1,CCCAGAAGT,1,0.001736
OR857583.1,CCAGAAGTT,1,0.001736
OR857583.1,CAGAAGTTT,1,0.001736
OR857583.1,AGAAGTTTA,1,0.001736
OR857583.1,GAAGTTTAC,1,0.001736
OR857582.1,GCCCACGCC,2,0.003472
OR857582.1,CCCACGCCT,1,0.001736
OR857582.1,CCACGCCTT,1,0.001736
OR857582.1,ATACCAATC,1,0.001736
OR857582.1,TACCAATCA,1,0.001736
OR857582.1,ACCAATCAT,1,0.001736
OR857582.1,CCAATCATG,1,0.001736
OR857582.1,CAATCATGA,1,0.001736
OR857582.1,AATCATGAT,1,0.001736
OR857582.1,GACATGGCC,1,0.001736
OR857582.1,ACATGGCCT,1,0.001736
OR857582.1,CATGGCCTT,1,0.001736
OR857582.1,ATGGCCTTC,1,0.001736
OR857582.1,TGGCCTTCC,1,0.001736
OR857582.1,GGCCTTCCC,1,0.001736
OR857582.1,AACAACATA,1,0.001736
OR857582.1,ACAACATAA,1,0.001736
OR857582.1,CAACATAAG,1,0.001736
OR857582.1,AACATAAGC,1,0.001736
OR857582.1,ACATAAGCT,1,0.001736
OR857582.1,CATAAGCTT,1,0.001736
OR857582.1,ATAAGCTTC,1,0.001736
OR857582.1,TAAGCTTCT,1,0.001736
OR857582.1,AAGCTTCTG,1,0.001736
OR857582.1,AGCTTCTGA,1,0.001736
OR857582.1,GCTTCTGAC,1,0.001736
OR857582.1,CTTCTGACT,1,0.001736
OR857582.1,CTACCCCCC,1,0.001736
OR857582.1,TACCCCCCT,1,0.001736
OR857582.1,ACCCCCCTC,1,0.001736
OR857582.1,CCCCCCTCC,1,0.001736
OR857582.1,CCCCCTCCT,1,0.001736
OR857582.1,CCCCTCCTT,1,0.001736
OR857582.1,CCCTCCTTC,1,0.001736
OR857582.1,CCTCCTTCA,1,0.001736
OR857582.1,CTCCTTCAT,1,0.001736
OR857582.1,TCCTTCATA,1,0.001736
OR857582.1,CCTTCATAC,1,0.001736
OR857582.1,CTTCATACT,1,0.001736
OR857582.1,TCATACTCC,1,0.001736
OR857582.1,CATACTCCT,1,0.001736
OR857582.1,ATACTCCTC,1,0.001736
OR857582.1,TACTCCTCC,1,0.001736
OR857582.1,ACTCCTCCT,1,0.001736
OR857582.1,CTCCTAGCA,1,0.001736
OR857582.1,TCCTAGCAT,1,0.001736
OR857582.1,CCTAGCATC,1,0.001736
OR857582.1,GGATGAACA,1,0.001736
OR857582.1,GATGAACAG,1,0.001736
OR857582.1,ATGAACAGT,1,0.001736
OR857582.1,TGAACAGTC,1,0.001736
OR857582.1,GAACAGTCT,1,0.001736
OR857582.1,AACAGTCTA,1,0.001736
OR857582.1,ACAGTCTAC,1,0.001736
OR857582.1,CAGTCTACC,1,0.001736
OR857582.1,AGTCTACCC,1,0.001736
OR857582.1,GTCTACCCA,1,0.001736
OR857582.1,TCTACCCAC,1,0.001736
OR857582.1,CTACCCACC,1,0.001736
OR857582.1,CCCACGCCG,1,0.001736
OR857582.1,CCACGCCGG,1,0.001736
OR857582.1,GTATCCTCC,1,0.001736
OR857582.1,TATCCTCCA,1,0.001736
OR857582.1,ATCCTCCAT,1,0.001736
OR857582.1,TCCTCCATC,1,0.001736
OR857582.1,CCTCCATCC,1,0.001736
OR857582.1,CTCCATCCT,1,0.001736
OR857582.1,TCCATCCTA,1,0.001736
OR857582.1,CCATCCTAG,1,0.001736
OR857582.1,CATCCTAGG,1,0.001736
OR857582.1,GCCATCAAC,1,0.001736
OR857582.1,CCATCAACA,1,0.001736
OR857582.1,CATCAACAT,1,0.001736
OR857582.1,ATCAACATA,1,0.001736
OR857582.1,TCAACATAA,1,0.001736
OR857582.1,CAACATAAA,1,0.001736
OR857582.1,AACATAAAA,1,0.001736
OR857582.1,ACATAAAAC,1,0.001736
OR857582.1,CATAAAACC,1,0.001736
OR857582.1,ATAAAACCA,1,0.001736
OR857582.1,TAAAACCAC,1,0.001736
OR857582.1,AAAACCACC,1,0.001736
OR857582.1,AAACCACCA,1,0.001736
OR857582.1,AACCACCAT,1,0.001736
OR857582.1,ACCACCATC,1,0.001736
OR857582.1,CCACCATCC,1,0.001736
OR857582.1,ACCAAACCC,1,0.001736
OR857582.1,CCAAACCCC,1,0.001736
OR857582.1,CAAACCCCC,1,0.001736
OR857582.1,TATTTGTGT,1,0.001736
OR857582.1,ATTTGTGTG,1,0.001736
OR857582.1,CTTATCACT,1,0.001736
OR857582.1,TTATCACTG,1,0.001736
OR857582.1,TATCACTGC,1,0.001736
OR857582.1,ATCCTCCTA,1,0.001736
OR857582.1,TCCTCCTAC,1,0.001736
OR857582.1,CCTCCTACT,1,0.001736
OR857582.1,TATCTCTCC,1,0.001736
OR857582.1,ATCTCTCCC,1,0.001736
OR857582.1,GTCCTAGCA,1,0.001736
OR857582.1,TCCTAGCAG,1,0.001736
OR857582.1,CCTAGCAGC,1,0.001736
OR857582.1,CTAGCAGCA,1,0.001736
OR857582.1,TAGCAGCAG,1,0.001736
OR857582.1,AGCAGCAGG,1,0.001736
OR857582.1,ACAGACCGC,1,0.001736
OR857582.1,CAGACCGCA,1,0.001736
OR857582.1,AGACCGCAA,1,0.001736
OR857582.1,GACCGCAAC,1,0.001736
OR857582.1,ACCGCAACC,1,0.001736
OR857582.1,CCGCAACCT,1,0.001736
OR857582.1,AACACCACA,1,0.001736
OR857582.1,ACACCACAT,1,0.001736
OR857582.1,CACCACATT,1,0.001736
OR857582.1,ACCACATTC,1,0.001736
OR857582.1,CCACATTCT,1,0.001736
OR857582.1,CACATTCTT,1,0.001736
OR857582.1,GGCGGAGAC,1,0.001736
OR857582.1,GCGGAGACC,1,0.001736
OR857582.1,CGGAGACCC,1,0.001736
OR857582.1,TACCAACAC,1,0.001736
OR857582.1,CACCCAGAA,1,0.001736
OR857582.1,ACCCAGAAG,1,0.001736
OR857582.1,CCCAGAAGT,1,0.001736
OR857582.1,CCAGAAGTT,1,0.001736
OR857582.1,CAGAAGTTT,1,0.001736
OR857582.1,AGAAGTTTA,1,0.001736
OR857582.1,GAAGTTTAC,1,0.001736
OR857581.1,GATCAAATC,1,0.001736
OR857581.1,ATCAAATCT,1,0.001736
OR857581.1,TCAAATCTA,1,0.001736
OR857581.1,CAAATCTAC,1,0.001736
OR857581.1,AAATCTACA,1,0.001736
OR857581.1,AATCTACAA,1,0.001736
OR857581.1,ATCTACAAC,1,0.001736
OR857581.1,TCTACAACG,1,0.001736
OR857581.1,CTACAACGT,1,0.001736
OR857581.1,TACAACGTA,1,0.001736
OR857581.1,GCCCACGCC,2,0.003472
OR857581.1,CCCACGCCT,1,0.001736
OR857581.1,CCACGCCTT,1,0.001736
OR857581.1,CACGCCTTC,1,0.001736
OR857581.1,ACGCCTTCG,1,0.001736
OR857581.1,CGCCTTCGT,1,0.001736
OR857581.1,GCCTTCGTC,1,0.001736
OR857581.1,CCTTCGTCA,1,0.001736
OR857581.1,CTTCGTCAT,1,0.001736
OR857581.1,TTCGTCATA,1,0.001736
OR857581.1,TCGTCATAA,1,0.001736
OR857581.1,CGTCATAAT,1,0.001736
OR857581.1,GTCATAATC,1,0.001736
OR857581.1,ATAATCTTC,1,0.001736
OR857581.1,TAATCTTCT,1,0.001736
OR857581.1,AATCTTCTT,1,0.001736
OR857581.1,ATCTTCTTT,1,0.001736
OR857581.1,TCTTCTTTA,1,0.001736
OR857581.1,CTTCTTTAT,1,0.001736
OR857581.1,TTCTTTATA,1,0.001736
OR857581.1,TCTTTATAG,1,0.001736
OR857581.1,CTTTATAGT,1,0.001736
OR857581.1,ATACCAATC,1,0.001736
OR857581.1,TACCAATCA,1,0.001736
OR857581.1,ACCAATCAT,1,0.001736
OR857581.1,CCAATCATG,1,0.001736
OR857581.1,CAATCATGA,1,0.001736
OR857581.1,AATCATGAT,1,0.001736
OR857581.1,GGCGGCTTT,1,0.001736
OR857581.1,GCGGCTTTG,1,0.001736
OR857581.1,CGGCTTTGG,1,0.001736
OR857581.1,GGCTTTGGA,1,0.001736
OR857581.1,GCTTTGGAA,1,0.001736
OR857581.1,CTTTGGAAA,1,0.001736
OR857581.1,TTTGGAAAC,1,0.001736
OR857581.1,TTGGAAACT,1,0.001736
OR857581.1,TGGAAACTG,1,0.001736
OR857581.1,TAATAATCG,1,0.001736
OR857581.1,AATAATCGG,1,0.001736
OR857581.1,ATAATCGGA,1,0.001736
OR857581.1,TAATCGGAG,1,0.001736
OR857581.1,AATCGGAGC,1,0.001736
OR857581.1,ATCGGAGCC,1,0.001736
OR857581.1,TCGGAGCCC,1,0.001736
OR857581.1,CGGAGCCCC,1,0.001736
OR857581.1,GACATGGCC,1,0.001736
OR857581.1,ACATGGCCT,1,0.001736
OR857581.1,CATGGCCTT,1,0.001736
OR857581.1,ATGGCCTTC,1,0.001736
OR857581.1,TGGCCTTCC,1,0.001736
OR857581.1,GGCCTTCCC,1,0.001736
OR857581.1,AACAACATA,1,0.001736
OR857581.1,ACAACATAA,1,0.001736
OR857581.1,CAACATAAG,1,0.001736
OR857581.1,AACATAAGC,1,0.001736
OR857581.1,ACATAAGCT,1,0.001736
OR857581.1,CATAAGCTT,1,0.001736
OR857581.1,ATAAGCTTC,1,0.001736
OR857581.1,TAAGCTTCT,1,0.001736
OR857581.1,AAGCTTCTG,1,0.001736
OR857581.1,AGCTTCTGA,1,0.001736
OR857581.1,GCTTCTGAC,1,0.001736
OR857581.1,CTTCTGACT,1,0.001736
OR857581.1,CTACCCCCC,1,0.001736
OR857581.1,TACCCCCCT,1,0.001736
OR857581.1,ACCCCCCTC,1,0.001736
OR857581.1,CCCCCCTCC,1,0.001736
OR857581.1,CCCCCTCCT,1,0.001736
OR857581.1,CCCCTCCTT,1,0.001736
OR857581.1,CCCTCCTTC,1,0.001736
OR857581.1,CCTCCTTCA,1,0.001736
OR857581.1,CTCCTTCAT,1,0.001736
OR857581.1,TCCTTCATA,1,0.001736
OR857581.1,CCTTCATAC,1,0.001736
OR857581.1,CTTCATACT,1,0.001736
OR857581.1,TCATACTCC,1,0.001736
OR857581.1,CATACTCCT,2,0.003472
OR857581.1,ATACTCCTC,1,0.001736
OR857581.1,TACTCCTCC,1,0.001736
OR857581.1,ACTCCTCCT,1,0.001736
OR857581.1,CTCCTAGCA,1,0.001736
OR857581.1,TCCTAGCAT,1,0.001736
OR857581.1,CCTAGCATC,1,0.001736
OR857581.1,TCCACAGTA,1,0.001736
OR857581.1,CCACAGTAG,1,0.001736
OR857581.1,CACAGTAGA,1,0.001736
OR857581.1,AGTAGAGGC,1,0.001736
OR857581.1,GGATGAACA,1,0.001736
OR857581.1,GATGAACAG,1,0.001736
OR857581.1,ATGAACAGT,1,0.001736
OR857581.1,TGAACAGTC,1,0.001736
OR857581.1,GAACAGTCT,1,0.001736
OR857581.1,AACAGTCTA,1,0.001736
OR857581.1,ACAGTCTAC,1,0.001736
OR857581.1,CAGTCTACC,1,0.001736
OR857581.1,AGTCTACCC,1,0.001736
OR857581.1,GTCTACCCA,1,0.001736
OR857581.1,TCTACCCAC,1,0.001736
OR857581.1,CTACCCACC,1,0.001736
OR857581.1,GCAACCTAG,1,0.001736
OR857581.1,CAACCTAGC,1,0.001736
OR857581.1,AACCTAGCC,1,0.001736
OR857581.1,ACCTAGCCC,1,0.001736
OR857581.1,CCTAGCCCA,1,0.001736
OR857581.1,CCCACGCCG,1,0.001736
OR857581.1,CCACGCCGG,1,0.001736
OR857581.1,GCCATCTTC,1,0.001736
OR857581.1,CCATCTTCT,1,0.001736
OR857581.1,CATCTTCTC,1,0.001736
OR857581.1,ATCTTCTCC,1,0.001736
OR857581.1,TCTTCTCCC,1,0.001736
OR857581.1,CTTCTCCCT,1,0.001736
OR857581.1,GTATCCTCC,1,0.001736
OR857581.1,TATCCTCCA,1,0.001736
OR857581.1,ATCCTCCAT,1,0.001736
OR857581.1,TCCTCCATC,1,0.001736
OR857581.1,CCTCCATCC,1,0.001736
OR857581.1,CTCCATCCT,1,0.001736
OR857581.1,TCCATCCTA,1,0.001736
OR857581.1,CCATCCTAG,1,0.001736
OR857581.1,CATCCTAGG,1,0.001736
OR857581.1,TCCTAGGAG,1,0.001736
OR857581.1,ACCGCCATC,1,0.001736
OR857581.1,CGCCATCAA,1,0.001736
OR857581.1,GCCATCAAC,1,0.001736
OR857581.1,CCATCAACA,1,0.001736
OR857581.1,CATCAACAT,1,0.001736
OR857581.1,ATCAACATA,1,0.001736
OR857581.1,TCAACATAA,1,0.001736
OR857581.1,CAACATAAA,1,0.001736
OR857581.1,AACATAAAA,1,0.001736
OR857581.1,ACATAAAAC,1,0.001736
OR857581.1,CATAAAACC,1,0.001736
OR857581.1,ATAAAACCA,1,0.001736
OR857581.1,TAAAACCAC,1,0.001736
OR857581.1,AAAACCACC,1,0.001736
OR857581.1,AAACCACCA,1,0.001736
OR857581.1,AACCACCAT,1,0.001736
OR857581.1,ACCACCATC,1,0.001736
OR857581.1,CCACCATCC,1,0.001736
OR857581.1,ACCAAACCC,1,0.001736
OR857581.1,CCAAACCCC,1,0.001736
OR857581.1,CAAACCCCC,1,0.001736
OR857581.1,AAACCCCCC,1,0.001736
OR857581.1,AACCCCCCT,1,0.001736
OR857581.1,TATTTGTGT,1,0.001736
OR857581.1,ATTTGTGTG,1,0.001736
OR857581.1,CTTATCACT,1,0.001736
OR857581.1,TTATCACTG,1,0.001736
OR857581.1,TATCACTGC,1,0.001736
OR857581.1,ATCCTCCTA,1,0.001736
OR857581.1,TCCTCCTAC,1,0.001736
OR857581.1,CCTCCTACT,1,0.001736
OR857581.1,TATCTCTCC,1,0.001736
OR857581.1,ATCTCTCCC,1,0.001736
OR857581.1,GTCCTAGCA,1,0.001736
OR857581.1,TCCTAGCAG,1,0.001736
OR857581.1,CCTAGCAGC,1,0.001736
OR857581.1,CTAGCAGCA,1,0.001736
OR857581.1,TAGCAGCAG,1,0.001736
OR857581.1,AGCAGCAGG,1,0.001736
OR857581.1,ACAGACCGC,1,0.001736
OR857581.1,CAGACCGCA,1,0.001736
OR857581.1,AGACCGCAA,1,0.001736
OR857581.1,GACCGCAAC,1,0.001736
OR857581.1,ACCGCAACC,1,0.001736
OR857581.1,CCGCAACCT,1,0.001736
OR857581.1,AACACCACA,1,0.001736
OR857581.1,ACACCACAT,1,0.001736
OR857581.1,CACCACATT,1,0.001736
OR857581.1,ACCACATTC,1,0.001736
OR857581.1,CCACATTCT,1,0.001736
OR857581.1,CACATTCTT,1,0.001736
OR857581.1,ACATTCTTT,1,0.001736
OR857581.1,CATTCTTTG,1,0.001736
OR857581.1,ATTCTTTGA,1,0.001736
OR857581.1,GGCGGAGAC,1,0.001736
OR857581.1,GCGGAGACC,1,0.001736
OR857581.1,CGGAGACCC,1,0.001736
OR857581.1,GACCCAATC,1,0.001736
OR857581.1,ACCCAATCC,1,0.001736
OR857581.1,CCCAATCCT,1,0.001736
OR857581.1,TACCAACAC,1,0.001736
OR857581.1,CACCCAGAA,1,0.001736
OR857581.1,ACCCAGAAG,1,0.001736
OR857581.1,CCCAGAAGT,1,0.001736
OR857581.1,CCAGAAGTT,1,0.001736
OR857581.1,CAGAAGTTT,1,0.001736
OR857581.1,AGAAGTTTA,1,0.001736
OR857581.1,GAAGTTTAC,1,0.001736
OR857580.1,GATCAAATC,1,0.001736
OR857580.1,ATCAAATCT,1,0.001736
OR857580.1,TCAAATCTA,1,0.001736
OR857580.1,CAAATCTAC,1,0.001736
OR857580.1,AAATCTACA,1,0.001736
OR857580.1,AATCTACAA,1,0.001736
OR857580.1,ATCTACAAC,1,0.001736
OR857580.1,TCTACAACG,1,0.001736
OR857580.1,CTACAACGT,1,0.001736
OR857580.1,TACAACGTA,1,0.001736
OR857580.1,GCCCACGCC,2,0.003472
OR857580.1,CCCACGCCT,1,0.001736
OR857580.1,CCACGCCTT,1,0.001736
OR857580.1,CACGCCTTC,1,0.001736
OR857580.1,ACGCCTTCG,1,0.001736
OR857580.1,CGCCTTCGT,1,0.001736
OR857580.1,GCCTTCGTC,1,0.001736
OR857580.1,CCTTCGTCA,1,0.001736
OR857580.1,CTTCGTCAT,1,0.001736
OR857580.1,TTCGTCATA,1,0.001736
OR857580.1,TCGTCATAA,1,0.001736
OR857580.1,CGTCATAAT,1,0.001736
OR857580.1,GTCATAATC,1,0.001736
OR857580.1,ATAATCTTC,1,0.001736
OR857580.1,TAATCTTCT,1,0.001736
OR857580.1,AATCTTCTT,1,0.001736
OR857580.1,ATCTTCTTT,1,0.001736
OR857580.1,TCTTCTTTA,1,0.001736
OR857580.1,CTTCTTTAT,1,0.001736
OR857580.1,TTCTTTATA,1,0.001736
OR857580.1,TCTTTATAG,1,0.001736
OR857580.1,CTTTATAGT,1,0.001736
OR857580.1,ATACCAATC,1,0.001736
OR857580.1,TACCAATCA,1,0.001736
OR857580.1,ACCAATCAT,1,0.001736
OR857580.1,CCAATCATG,1,0.001736
OR857580.1,CAATCATGA,1,0.001736
OR857580.1,AATCATGAT,1,0.001736
OR857580.1,GGCGGCTTT,1,0.001736
OR857580.1,GCGGCTTTG,1,0.001736
OR857580.1,CGGCTTTGG,1,0.001736
OR857580.1,GGCTTTGGA,1,0.001736
OR857580.1,GCTTTGGAA,1,0.001736
OR857580.1,CTTTGGAAA,1,0.001736
OR857580.1,TTTGGAAAC,1,0.001736
OR857580.1,TTGGAAACT,1,0.001736
OR857580.1,TGGAAACTG,1,0.001736
OR857580.1,TAATAATCG,1,0.001736
OR857580.1,AATAATCGG,1,0.001736
OR857580.1,ATAATCGGA,1,0.001736
OR857580.1,TAATCGGAG,1,0.001736
OR857580.1,AATCGGAGC,1,0.001736
OR857580.1,ATCGGAGCC,1,0.001736
OR857580.1,TCGGAGCCC,1,0.001736
OR857580.1,CGGAGCCCC,1,0.001736
OR857580.1,GACATGGCC,1,0.001736
OR857580.1,ACATGGCCT,1,0.001736
OR857580.1,CATGGCCTT,1,0.001736
OR857580.1,ATGGCCTTC,1,0.001736
OR857580.1,TGGCCTTCC,1,0.001736
OR857580.1,GGCCTTCCC,1,0.001736
OR857580.1,AACAACATA,1,0.001736
OR857580.1,ACAACATAA,1,0.001736
OR857580.1,CAACATAAG,1,0.001736
OR857580.1,AACATAAGC,1,0.001736
OR857580.1,ACATAAGCT,1,0.001736
OR857580.1,CATAAGCTT,1,0.001736
OR857580.1,ATAAGCTTC,1,0.001736
OR857580.1,TAAGCTTCT,1,0.001736
OR857580.1,AAGCTTCTG,1,0.001736
OR857580.1,AGCTTCTGA,1,0.001736
OR857580.1,GCTTCTGAC,1,0.001736
OR857580.1,CTTCTGACT,1,0.001736
OR857580.1,CTACCCCCC,1,0.001736
OR857580.1,TACCCCCCT,1,0.001736
OR857580.1,ACCCCCCTC,1,0.001736
OR857580.1,CCCCCCTCC,1,0.001736
OR857580.1,CCCCCTCCT,1,0.001736
OR857580.1,CCCCTCCTT,1,0.001736
OR857580.1,CCCTCCTTC,1,0.001736
OR857580.1,CCTCCTTCA,1,0.001736
OR857580.1,CTCCTTCAT,1,0.001736
OR857580.1,TCCTTCATA,1,0.001736
OR857580.1,CCTTCATAC,1,0.001736
OR857580.1,CTTCATACT,1,0.001736
OR857580.1,TCATACTCC,1,0.001736
OR857580.1,CATACTCCT,2,0.003472
OR857580.1,ATACTCCTC,1,0.001736
OR857580.1,TACTCCTCC,1,0.001736
OR857580.1,ACTCCTCCT,1,0.001736
OR857580.1,CTCCTAGCA,1,0.001736
OR857580.1,TCCTAGCAT,1,0.001736
OR857580.1,CCTAGCATC,1,0.001736
OR857580.1,TCCACAGTA,1,0.001736
OR857580.1,CCACAGTAG,1,0.001736
OR857580.1,CACAGTAGA,1,0.001736
OR857580.1,AGTAGAGGC,1,0.001736
OR857580.1,GGATGAACA,1,0.001736
OR857580.1,GATGAACAG,1,0.001736
OR857580.1,ATGAACAGT,1,0.001736
OR857580.1,TGAACAGTC,1,0.001736
OR857580.1,GAACAGTCT,1,0.001736
OR857580.1,AACAGTCTA,1,0.001736
OR857580.1,ACAGTCTAC,1,0.001736
OR857580.1,CAGTCTACC,1,0.001736
OR857580.1,AGTCTACCC,1,0.001736
OR857580.1,GTCTACCCA,1,0.001736
OR857580.1,TCTACCCAC,1,0.001736
OR857580.1,CTACCCACC,1,0.001736
OR857580.1,GCAACCTAG,1,0.001736
OR857580.1,CAACCTAGC,1,0.001736
OR857580.1,AACCTAGCC,1,0.001736
OR857580.1,ACCTAGCCC,1,0.001736
OR857580.1,CCTAGCCCA,1,0.001736
OR857580.1,CCCACGCCG,1,0.001736
OR857580.1,CCACGCCGG,1,0.001736
OR857580.1,GCCATCTTC,1,0.001736
OR857580.1,CCATCTTCT,1,0.001736
OR857580.1,CATCTTCTC,1,0.001736
OR857580.1,ATCTTCTCC,1,0.001736
OR857580.1,TCTTCTCCC,1,0.001736
OR857580.1,CTTCTCCCT,1,0.001736
OR857580.1,GTATCCTCC,1,0.001736
OR857580.1,TATCCTCCA,1,0.001736
OR857580.1,ATCCTCCAT,1,0.001736
OR857580.1,TCCTCCATC,1,0.001736
OR857580.1,CCTCCATCC,1,0.001736
OR857580.1,CTCCATCCT,1,0.001736
OR857580.1,TCCATCCTA,1,0.001736
OR857580.1,CCATCCTAG,1,0.001736
OR857580.1,CATCCTAGG,1,0.001736
OR857580.1,TCCTAGGAG,1,0.001736
OR857580.1,ACCGCCATC,1,0.001736
OR857580.1,CGCCATCAA,1,0.001736
OR857580.1,GCCATCAAC,1,0.001736
OR857580.1,CCATCAACA,1,0.001736
OR857580.1,CATCAACAT,1,0.001736
OR857580.1,ATCAACATA,1,0.001736
OR857580.1,TCAACATAA,1,0.001736
OR857580.1,CAACATAAA,1,0.001736
OR857580.1,AACATAAAA,1,0.001736
OR857580.1,ACATAAAAC,1,0.001736
OR857580.1,CATAAAACC,1,0.001736
OR857580.1,ATAAAACCA,1,0.001736
OR857580.1,TAAAACCAC,1,0.001736
OR857580.1,AAAACCACC,1,0.001736
OR857580.1,AAACCACCA,1,0.001736
OR857580.1,AACCACCAT,1,0.001736
OR857580.1,ACCACCATC,1,0.001736
OR857580.1,CCACCATCC,1,0.001736
OR857580.1,ACCAAACCC,1,0.001736
OR857580.1,CCAAACCCC,1,0.001736
OR857580.1,CAAACCCCC,1,0.001736
OR857580.1,AAACCCCCC,1,0.001736
OR857580.1,AACCCCCCT,1,0.001736
OR857580.1,TATTTGTGT,1,0.001736
OR857580.1,ATTTGTGTG,1,0.001736
OR857580.1,CTTATCACT,1,0.001736
OR857580.1,TTATCACTG,1,0.001736
OR857580.1,TATCACTGC,1,0.001736
OR857580.1,ATCCTCCTA,1,0.001736
OR857580.1,TCCTCCTAC,1,0.001736
OR857580.1,CCTCCTACT,1,0.001736
OR857580.1,TATCTCTCC,1,0.001736
OR857580.1,ATCTCTCCC,1,0.001736
OR857580.1,GTCCTAGCA,1,0.001736
OR857580.1,TCCTAGCAG,1,0.001736
OR857580.1,CCTAGCAGC,1,0.001736
OR857580.1,CTAGCAGCA,1,0.001736
OR857580.1,TAGCAGCAG,1,0.001736
OR857580.1,AGCAGCAGG,1,0.001736
OR857580.1,ACAGACCGC,1,0.001736
OR857580.1,CAGACCGCA,1,0.001736
OR857580.1,AGACCGCAA,1,0.001736
OR857580.1,GACCGCAAC,1,0.001736
OR857580.1,ACCGCAACC,1,0.001736
OR857580.1,CCGCAACCT,1,0.001736
OR857580.1,AACACCACA,1,0.001736
OR857580.1,ACACCACAT,1,0.001736
OR857580.1,CACCACATT,1,0.001736
OR857580.1,ACCACATTC,1,0.001736
OR857580.1,CCACATTCT,1,0.001736
OR857580.1,CACATTCTT,1,0.001736
OR857580.1,ACATTCTTT,1,0.001736
OR857580.1,CATTCTTTG,1,0.001736
OR857580.1,ATTCTTTGA,1,0.001736
OR857580.1,GGCGGAGAC,1,0.001736
OR857580.1,GCGGAGACC,1,0.001736
OR857580.1,CGGAGACCC,1,0.001736
OR857580.1,GACCCAATC,1,0.001736
OR857580.1,ACCCAATCC,1,0.001736
OR857580.1,CCCAATCCT,1,0.001736
OR857580.1,TACCAACAC,1,0.001736
OR857580.1,CACCCAGAA,1,0.001736
OR857580.1,ACCCAGAAG,1,0.001736
OR857580.1,CCCAGAAGT,1,0.001736
OR857580.1,CCAGAAGTT,1,0.001736
OR857580.1,CAGAAGTTT,1,0.001736
OR857580.1,AGAAGTTTA,1,0.001736
OR857580.1,GAAGTTTAC,1,0.001736
OR857578.1,GATCAAATC,1,0.001736
OR857578.1,ATCAAATCT,1,0.001736
OR857578.1,TCAAATCTA,1,0.001736
OR857578.1,CAAATCTAC,1,0.001736
OR857578.1,AAATCTACA,1,0.001736
OR857578.1,AATCTACAA,1,0.001736
OR857578.1,ATCTACAAC,1,0.001736
OR857578.1,TCTACAACG,1,0.001736
OR857578.1,CTACAACGT,1,0.001736
OR857578.1,TACAACGTA,1,0.001736
OR857578.1,GCCCACGCC,2,0.003472
OR857578.1,CCCACGCCT,1,0.001736
OR857578.1,CCACGCCTT,1,0.001736
OR857578.1,CACGCCTTC,1,0.001736
OR857578.1,ACGCCTTCG,1,0.001736
OR857578.1,CGCCTTCGT,1,0.001736
OR857578.1,GCCTTCGTC,1,0.001736
OR857578.1,CCTTCGTCA,1,0.001736
OR857578.1,CTTCGTCAT,1,0.001736
OR857578.1,TTCGTCATA,1,0.001736
OR857578.1,TCGTCATAA,1,0.001736
OR857578.1,CGTCATAAT,1,0.001736
OR857578.1,GTCATAATC,1,0.001736
OR857578.1,ATAATCTTC,1,0.001736
OR857578.1,TAATCTTCT,1,0.001736
OR857578.1,AATCTTCTT,1,0.001736
OR857578.1,ATCTTCTTT,1,0.001736
OR857578.1,TCTTCTTTA,1,0.001736
OR857578.1,CTTCTTTAT,1,0.001736
OR857578.1,TTCTTTATA,1,0.001736
OR857578.1,TCTTTATAG,1,0.001736
OR857578.1,CTTTATAGT,1,0.001736
OR857578.1,ATACCAATC,1,0.001736
OR857578.1,TACCAATCA,1,0.001736
OR857578.1,ACCAATCAT,1,0.001736
OR857578.1,CCAATCATG,1,0.001736
OR857578.1,CAATCATGA,1,0.001736
OR857578.1,AATCATGAT,1,0.001736
OR857578.1,GGCGGCTTT,1,0.001736
OR857578.1,GCGGCTTTG,1,0.001736
OR857578.1,CGGCTTTGG,1,0.001736
OR857578.1,GGCTTTGGA,1,0.001736
OR857578.1,GCTTTGGAA,1,0.001736
OR857578.1,CTTTGGAAA,1,0.001736
OR857578.1,TTTGGAAAC,1,0.001736
OR857578.1,TTGGAAACT,1,0.001736
OR857578.1,TGGAAACTG,1,0.001736
OR857578.1,TAATAATCG,1,0.001736
OR857578.1,AATAATCGG,1,0.001736
OR857578.1,ATAATCGGA,1,0.001736
OR857578.1,TAATCGGAG,1,0.001736
OR857578.1,AATCGGAGC,1,0.001736
OR857578.1,ATCGGAGCC,1,0.001736
OR857578.1,TCGGAGCCC,1,0.001736
OR857578.1,CGGAGCCCC,1,0.001736
OR857578.1,GACATGGCC,1,0.001736
OR857578.1,ACATGGCCT,1,0.001736
OR857578.1,CATGGCCTT,1,0.001736
OR857578.1,ATGGCCTTC,1,0.001736
OR857578.1,TGGCCTTCC,1,0.001736
OR857578.1,GGCCTTCCC,1,0.001736
OR857578.1,AACAACATA,1,0.001736
OR857578.1,ACAACATAA,1,0.001736
OR857578.1,CAACATAAG,1,0.001736
OR857578.1,AACATAAGC,1,0.001736
OR857578.1,ACATAAGCT,1,0.001736
OR857578.1,CATAAGCTT,1,0.001736
OR857578.1,ATAAGCTTC,1,0.001736
OR857578.1,TAAGCTTCT,1,0.001736
OR857578.1,AAGCTTCTG,1,0.001736
OR857578.1,AGCTTCTGA,1,0.001736
OR857578.1,GCTTCTGAC,1,0.001736
OR857578.1,CTTCTGACT,1,0.001736
OR857578.1,CTACCCCCC,1,0.001736
OR857578.1,TACCCCCCT,1,0.001736
OR857578.1,ACCCCCCTC,1,0.001736
OR857578.1,CCCCCCTCC,1,0.001736
OR857578.1,CCCCCTCCT,1,0.001736
OR857578.1,CCCCTCCTT,1,0.001736
OR857578.1,CCCTCCTTC,1,0.001736
OR857578.1,CCTCCTTCA,1,0.001736
OR857578.1,CTCCTTCAT,1,0.001736
OR857578.1,TCCTTCATA,1,0.001736
OR857578.1,CCTTCATAC,1,0.001736
OR857578.1,CTTCATACT,1,0.001736
OR857578.1,CTCCTAGCA,1,0.001736
OR857578.1,TCCTAGCAT,1,0.001736
OR857578.1,CCTAGCATC,1,0.001736
OR857578.1,TCCACAGTA,1,0.001736
OR857578.1,CCACAGTAG,1,0.001736
OR857578.1,CACAGTAGA,1,0.001736
OR857578.1,AGTAGAGGC,1,0.001736
OR857578.1,GGATGAACA,1,0.001736
OR857578.1,GATGAACAG,1,0.001736
OR857578.1,ATGAACAGT,1,0.001736
OR857578.1,TGAACAGTC,1,0.001736
OR857578.1,GAACAGTCT,1,0.001736
OR857578.1,AACAGTCTA,1,0.001736
OR857578.1,ACAGTCTAC,1,0.001736
OR857578.1,CAGTCTACC,1,0.001736
OR857578.1,AGTCTACCC,1,0.001736
OR857578.1,GTCTACCCA,1,0.001736
OR857578.1,TCTACCCAC,1,0.001736
OR857578.1,CTACCCACC,1,0.001736
OR857578.1,GCAACCTAG,1,0.001736
OR857578.1,CAACCTAGC,1,0.001736
OR857578.1,AACCTAGCC,1,0.001736
OR857578.1,ACCTAGCCC,1,0.001736
OR857578.1,CCTAGCCCA,1,0.001736
OR857578.1,CCCACGCCG,1,0.001736
OR857578.1,CCACGCCGG,1,0.001736
OR857578.1,GCCATCTTC,1,0.001736
OR857578.1,CCATCTTCT,1,0.001736
OR857578.1,CATCTTCTC,1,0.001736
OR857578.1,ATCTTCTCC,1,0.001736
OR857578.1,GTATCCTCC,1,0.001736
OR857578.1,TATCCTCCA,1,0.001736
OR857578.1,ATCCTCCAT,1,0.001736
OR857578.1,TCCTCCATC,1,0.001736
OR857578.1,CCTCCATCC,1,0.001736
OR857578.1,CTCCATCCT,1,0.001736
OR857578.1,TCCATCCTA,1,0.001736
OR857578.1,CCATCCTAG,1,0.001736
OR857578.1,CATCCTAGG,1,0.001736
OR857578.1,ACCGCCATC,1,0.001736
OR857578.1,CGCCATCAA,1,0.001736
OR857578.1,GCCATCAAC,1,0.001736
OR857578.1,CCATCAACA,1,0.001736
OR857578.1,CATCAACAT,1,0.001736
OR857578.1,ATCAACATA,1,0.001736
OR857578.1,TCAACATAA,1,0.001736
OR857578.1,CAACATAAA,1,0.001736
OR857578.1,AACATAAAA,1,0.001736
OR857578.1,ACATAAAAC,1,0.001736
OR857578.1,CATAAAACC,1,0.001736
OR857578.1,ATAAAACCA,1,0.001736
OR857578.1,TAAAACCAC,1,0.001736
OR857578.1,AAAACCACC,1,0.001736
OR857578.1,AAACCACCA,1,0.001736
OR857578.1,AACCACCAT,1,0.001736
OR857578.1,ACCACCATC,1,0.001736
OR857578.1,CCACCATCC,1,0.001736
OR857578.1,CAAACCCCC,1,0.001736
OR857578.1,AAACCCCCC,1,0.001736
OR857578.1,AACCCCCCT,1,0.001736
OR857578.1,TATTTGTGT,1,0.001736
OR857578.1,ATTTGTGTG,1,0.001736
OR857578.1,CTTATCACT,1,0.001736
OR857578.1,TTATCACTG,1,0.001736
OR857578.1,TATCACTGC,1,0.001736
OR857578.1,GTCCTAGCA,1,0.001736
OR857578.1,TCCTAGCAG,1,0.001736
OR857578.1,CCTAGCAGC,1,0.001736
OR857578.1,CTAGCAGCA,1,0.001736
OR857578.1,TAGCAGCAG,1,0.001736
OR857578.1,AGCAGCAGG,1,0.001736
OR857578.1,ACCGCAACC,1,0.001736
OR857578.1,CCGCAACCT,1,0.001736
OR857578.1,AACACCACA,1,0.001736
OR857578.1,ACACCACAT,1,0.001736
OR857578.1,CACCACATT,1,0.001736
OR857578.1,ACCACATTC,1,0.001736
OR857578.1,CCACATTCT,1,0.001736
OR857578.1,CACATTCTT,1,0.001736
OR857578.1,ACATTCTTT,1,0.001736
OR857578.1,CATTCTTTG,1,0.001736
OR857578.1,ATTCTTTGA,1,0.001736
OR857578.1,GGCGGAGAC,1,0.001736
OR857578.1,GCGGAGACC,1,0.001736
OR857578.1,CGGAGACCC,1,0.001736
OR857578.1,GACCCAATC,1,0.001736
OR857578.1,ACCCAATCC,1,0.001736
OR857578.1,CCCAATCCT,1,0.001736
OR857578.1,CACCCAGAA,1,0.001736
OR857578.1,ACCCAGAAG,1,0.001736
OR857578.1,CCCAGAAGT,1,0.001736
OR857578.1,CCAGAAGTT,1,0.001736
OR857578.1,CAGAAGTTT,1,0.001736
OR857578.1,AGAAGTTTA,1,0.001736
OR857578.1,GAAGTTTAC,1,0.001736
OR857577.1,GATCAAATC,1,0.001736
OR857577.1,ATCAAATCT,1,0.001736
OR857577.1,TCAAATCTA,1,0.001736
OR857577.1,CAAATCTAC,1,0.001736
OR857577.1,AAATCTACA,1,0.001736
OR857577.1,AATCTACAA,1,0.001736
OR857577.1,ATCTACAAC,1,0.001736
OR857577.1,TCTACAACG,1,0.001736
OR857577.1,CTACAACGT,1,0.001736
OR857577.1,TACAACGTA,1,0.001736
OR857577.1,GCCCACGCC,2,0.003472
OR857577.1,CCCACGCCT,1,0.001736
OR857577.1,CCACGCCTT,1,0.001736
OR857577.1,CACGCCTTC,1,0.001736
OR857577.1,ACGCCTTCG,1,0.001736
OR857577.1,CGCCTTCGT,1,0.001736
OR857577.1,GCCTTCGTC,1,0.001736
OR857577.1,CCTTCGTCA,1,0.001736
OR857577.1,CTTCGTCAT,1,0.001736
OR857577.1,TTCGTCATA,1,0.001736
OR857577.1,TCGTCATAA,1,0.001736
OR857577.1,CGTCATAAT,1,0.001736
OR857577.1,GTCATAATC,1,0.001736
OR857577.1,ATAATCTTC,1,0.001736
OR857577.1,TAATCTTCT,1,0.001736
OR857577.1,AATCTTCTT,1,0.001736
OR857577.1,ATCTTCTTT,1,0.001736
OR857577.1,TCTTCTTTA,1,0.001736
OR857577.1,CTTCTTTAT,1,0.001736
OR857577.1,TTCTTTATA,1,0.001736
OR857577.1,TCTTTATAG,1,0.001736
OR857577.1,CTTTATAGT,1,0.001736
OR857577.1,ATACCAATC,1,0.001736
OR857577.1,TACCAATCA,1,0.001736
OR857577.1,ACCAATCAT,1,0.001736
OR857577.1,CCAATCATG,1,0.001736
OR857577.1,CAATCATGA,1,0.001736
OR857577.1,AATCATGAT,1,0.001736
OR857577.1,GGCGGCTTT,1,0.001736
OR857577.1,GCGGCTTTG,1,0.001736
OR857577.1,CGGCTTTGG,1,0.001736
OR857577.1,GGCTTTGGA,1,0.001736
OR857577.1,GCTTTGGAA,1,0.001736
OR857577.1,CTTTGGAAA,1,0.001736
OR857577.1,TTTGGAAAC,1,0.001736
OR857577.1,TTGGAAACT,1,0.001736
OR857577.1,TGGAAACTG,1,0.001736
OR857577.1,TAATAATCG,1,0.001736
OR857577.1,AATAATCGG,1,0.001736
OR857577.1,ATAATCGGA,1,0.001736
OR857577.1,TAATCGGAG,1,0.001736
OR857577.1,AATCGGAGC,1,0.001736
OR857577.1,ATCGGAGCC,1,0.001736
OR857577.1,TCGGAGCCC,1,0.001736
OR857577.1,CGGAGCCCC,1,0.001736
OR857577.1,GACATGGCC,1,0.001736
OR857577.1,ACATGGCCT,1,0.001736
OR857577.1,CATGGCCTT,1,0.001736
OR857577.1,ATGGCCTTC,1,0.001736
OR857577.1,TGGCCTTCC,1,0.001736
OR857577.1,GGCCTTCCC,1,0.001736
OR857577.1,AACAACATA,1,0.001736
OR857577.1,ACAACATAA,1,0.001736
OR857577.1,CAACATAAG,1,0.001736
OR857577.1,AACATAAGC,1,0.001736
OR857577.1,ACATAAGCT,1,0.001736
OR857577.1,CATAAGCTT,1,0.001736
OR857577.1,ATAAGCTTC,1,0.001736
OR857577.1,TAAGCTTCT,1,0.001736
OR857577.1,AAGCTTCTG,1,0.001736
OR857577.1,AGCTTCTGA,1,0.001736
OR857577.1,GCTTCTGAC,1,0.001736
OR857577.1,CTTCTGACT,1,0.001736
OR857577.1,CTACCCCCC,1,0.001736
OR857577.1,TACCCCCCT,1,0.001736
OR857577.1,ACCCCCCTC,1,0.001736
OR857577.1,CCCCCCTCC,1,0.001736
OR857577.1,CCCCCTCCT,1,0.001736
OR857577.1,CCCCTCCTT,1,0.001736
OR857577.1,CCCTCCTTC,1,0.001736
OR857577.1,CCTCCTTCA,1,0.001736
OR857577.1,CTCCTTCAT,1,0.001736
OR857577.1,TCCTTCATA,1,0.001736
OR857577.1,CCTTCATAC,1,0.001736
OR857577.1,CTTCATACT,1,0.001736
OR857577.1,CTCCTAGCA,1,0.001736
OR857577.1,TCCTAGCAT,1,0.001736
OR857577.1,CCTAGCATC,1,0.001736
OR857577.1,TCCACAGTA,1,0.001736
OR857577.1,CCACAGTAG,1,0.001736
OR857577.1,CACAGTAGA,1,0.001736
OR857577.1,AGTAGAGGC,1,0.001736
OR857577.1,GGATGAACA,1,0.001736
OR857577.1,GATGAACAG,1,0.001736
OR857577.1,ATGAACAGT,1,0.001736
OR857577.1,TGAACAGTC,1,0.001736
OR857577.1,GAACAGTCT,1,0.001736
OR857577.1,AACAGTCTA,1,0.001736
OR857577.1,ACAGTCTAC,1,0.001736
OR857577.1,CAGTCTACC,1,0.001736
OR857577.1,AGTCTACCC,1,0.001736
OR857577.1,GTCTACCCA,1,0.001736
OR857577.1,TCTACCCAC,1,0.001736
OR857577.1,CTACCCACC,1,0.001736
OR857577.1,GCAACCTAG,1,0.001736
OR857577.1,CAACCTAGC,1,0.001736
OR857577.1,AACCTAGCC,1,0.001736
OR857577.1,ACCTAGCCC,1,0.001736
OR857577.1,CCTAGCCCA,1,0.001736
OR857577.1,CCCACGCCG,1,0.001736
OR857577.1,CCACGCCGG,1,0.001736
OR857577.1,GCCATCTTC,1,0.001736
OR857577.1,CCATCTTCT,1,0.001736
OR857577.1,CATCTTCTC,1,0.001736
OR857577.1,ATCTTCTCC,1,0.001736
OR857577.1,GTATCCTCC,1,0.001736
OR857577.1,TATCCTCCA,1,0.001736
OR857577.1,ATCCTCCAT,1,0.001736
OR857577.1,TCCTCCATC,1,0.001736
OR857577.1,CCTCCATCC,1,0.001736
OR857577.1,CTCCATCCT,1,0.001736
OR857577.1,TCCATCCTA,1,0.001736
OR857577.1,CCATCCTAG,1,0.001736
OR857577.1,CATCCTAGG,1,0.001736
OR857577.1,ACCGCCATC,1,0.001736
OR857577.1,CGCCATCAA,1,0.001736
OR857577.1,GCCATCAAC,1,0.001736
OR857577.1,CCATCAACA,1,0.001736
OR857577.1,CATCAACAT,1,0.001736
OR857577.1,ATCAACATA,1,0.001736
OR857577.1,TCAACATAA,1,0.001736
OR857577.1,CAACATAAA,1,0.001736
OR857577.1,AACATAAAA,1,0.001736
OR857577.1,ACATAAAAC,1,0.001736
OR857577.1,CATAAAACC,1,0.001736
OR857577.1,ATAAAACCA,1,0.001736
OR857577.1,TAAAACCAC,1,0.001736
OR857577.1,AAAACCACC,1,0.001736
OR857577.1,AAACCACCA,1,0.001736
OR857577.1,AACCACCAT,1,0.001736
OR857577.1,ACCACCATC,1,0.001736
OR857577.1,CCACCATCC,1,0.001736
OR857577.1,CAAACCCCC,1,0.001736
OR857577.1,AAACCCCCC,1,0.001736
OR857577.1,AACCCCCCT,1,0.001736
OR857577.1,TATTTGTGT,1,0.001736
OR857577.1,ATTTGTGTG,1,0.001736
OR857577.1,CTTATCACT,1,0.001736
OR857577.1,TTATCACTG,1,0.001736
OR857577.1,TATCACTGC,1,0.001736
OR857577.1,GTCCTAGCA,1,0.001736
OR857577.1,TCCTAGCAG,1,0.001736
OR857577.1,CCTAGCAGC,1,0.001736
OR857577.1,CTAGCAGCA,1,0.001736
OR857577.1,TAGCAGCAG,1,0.001736
OR857577.1,AGCAGCAGG,1,0.001736
OR857577.1,ACAGACCGC,1,0.001736
OR857577.1,CAGACCGCA,1,0.001736
OR857577.1,AGACCGCAA,1,0.001736
OR857577.1,GACCGCAAC,1,0.001736
OR857577.1,ACCGCAACC,1,0.001736
OR857577.1,CCGCAACCT,1,0.001736
OR857577.1,AACACCACA,1,0.001736
OR857577.1,ACACCACAT,1,0.001736
OR857577.1,CACCACATT,1,0.001736
OR857577.1,ACCACATTC,1,0.001736
OR857577.1,CCACATTCT,1,0.001736
OR857577.1,CACATTCTT,1,0.001736
OR857577.1,ACATTCTTT,1,0.001736
OR857577.1,CATTCTTTG,1,0.001736
OR857577.1,ATTCTTTGA,1,0.001736
OR857577.1,GGCGGAGAC,1,0.001736
OR857577.1,GCGGAGACC,1,0.001736
OR857577.1,CGGAGACCC,1,0.001736
OR857577.1,GACCCAATC,1,0.001736
OR857577.1,ACCCAATCC,1,0.001736
OR857577.1,CCCAATCCT,1,0.001736
OR857577.1,CACCCAGAA,1,0.001736
OR857577.1,ACCCAGAAG,1,0.001736
OR857577.1,CCCAGAAGT,1,0.001736
OR857569.1,GATCAAATC,1,0.001736
OR857569.1,ATCAAATCT,1,0.001736
OR857569.1,TCAAATCTA,1,0.001736
OR857569.1,CAAATCTAC,1,0.001736
OR857569.1,AAATCTACA,1,0.001736
OR857569.1,AATCTACAA,1,0.001736
OR857569.1,ATCTACAAC,1,0.001736
OR857569.1,TCTACAACG,1,0.001736
OR857569.1,CTACAACGT,1,0.001736
OR857569.1,TACAACGTA,1,0.001736
OR857569.1,GCCCACGCC,2,0.003472
OR857569.1,CCCACGCCT,1,0.001736
OR857569.1,CCACGCCTT,1,0.001736
OR857569.1,CACGCCTTC,1,0.001736
OR857569.1,ACGCCTTCG,1,0.001736
OR857569.1,CGCCTTCGT,1,0.001736
OR857569.1,GCCTTCGTC,1,0.001736
OR857569.1,CCTTCGTCA,1,0.001736
OR857569.1,CTTCGTCAT,1,0.001736
OR857569.1,TTCGTCATA,1,0.001736
OR857569.1,TCGTCATAA,1,0.001736
OR857569.1,CGTCATAAT,1,0.001736
OR857569.1,GTCATAATC,1,0.001736
OR857569.1,ATAATCTTC,1,0.001736
OR857569.1,TAATCTTCT,1,0.001736
OR857569.1,AATCTTCTT,1,0.001736
OR857569.1,ATCTTCTTT,1,0.001736
OR857569.1,TCTTCTTTA,1,0.001736
OR857569.1,CTTCTTTAT,1,0.001736
OR857569.1,TTCTTTATA,1,0.001736
OR857569.1,TCTTTATAG,1,0.001736
OR857569.1,CTTTATAGT,1,0.001736
OR857569.1,ATACCAATC,1,0.001736
OR857569.1,TACCAATCA,1,0.001736
OR857569.1,ACCAATCAT,1,0.001736
OR857569.1,CCAATCATG,1,0.001736
OR857569.1,CAATCATGA,1,0.001736
OR857569.1,AATCATGAT,1,0.001736
OR857569.1,GGCGGCTTT,1,0.001736
OR857569.1,GCGGCTTTG,1,0.001736
OR857569.1,CGGCTTTGG,1,0.001736
OR857569.1,GGCTTTGGA,1,0.001736
OR857569.1,GCTTTGGAA,1,0.001736
OR857569.1,CTTTGGAAA,1,0.001736
OR857569.1,TTTGGAAAC,1,0.001736
OR857569.1,TTGGAAACT,1,0.001736
OR857569.1,TGGAAACTG,1,0.001736
OR857569.1,TAATAATCG,1,0.001736
OR857569.1,AATAATCGG,1,0.001736
OR857569.1,ATAATCGGA,1,0.001736
OR857569.1,TAATCGGAG,1,0.001736
OR857569.1,AATCGGAGC,1,0.001736
OR857569.1,ATCGGAGCC,1,0.001736
OR857569.1,TCGGAGCCC,1,0.001736
OR857569.1,CGGAGCCCC,1,0.001736
OR857569.1,GACATGGCC,1,0.001736
OR857569.1,ACATGGCCT,1,0.001736
OR857569.1,CATGGCCTT,1,0.001736
OR857569.1,ATGGCCTTC,1,0.001736
OR857569.1,TGGCCTTCC,1,0.001736
OR857569.1,GGCCTTCCC,1,0.001736
OR857569.1,AACAACATA,1,0.001736
OR857569.1,ACAACATAA,1,0.001736
OR857569.1,CAACATAAG,1,0.001736
OR857569.1,AACATAAGC,1,0.001736
OR857569.1,ACATAAGCT,1,0.001736
OR857569.1,CATAAGCTT,1,0.001736
OR857569.1,ATAAGCTTC,1,0.001736
OR857569.1,TAAGCTTCT,1,0.001736
OR857569.1,AAGCTTCTG,1,0.001736
OR857569.1,AGCTTCTGA,1,0.001736
OR857569.1,GCTTCTGAC,1,0.001736
OR857569.1,CTTCTGACT,1,0.001736
OR857569.1,CTACCCCCC,1,0.001736
OR857569.1,TACCCCCCT,1,0.001736
OR857569.1,ACCCCCCTC,1,0.001736
OR857569.1,CCCCCCTCC,1,0.001736
OR857569.1,CCCCCTCCT,1,0.001736
OR857569.1,CCCCTCCTT,1,0.001736
OR857569.1,CCCTCCTTC,1,0.001736
OR857569.1,CCTCCTTCA,1,0.001736
OR857569.1,CTCCTTCAT,1,0.001736
OR857569.1,TCCTTCATA,1,0.001736
OR857569.1,CCTTCATAC,1,0.001736
OR857569.1,CTTCATACT,1,0.001736
OR857569.1,TCATACTCC,1,0.001736
OR857569.1,CATACTCCT,2,0.003472
OR857569.1,ATACTCCTC,1,0.001736
OR857569.1,TACTCCTCC,1,0.001736
OR857569.1,ACTCCTCCT,1,0.001736
OR857569.1,CTCCTAGCA,1,0.001736
OR857569.1,TCCTAGCAT,1,0.001736
OR857569.1,CCTAGCATC,1,0.001736
OR857569.1,TCCACAGTA,1,0.001736
OR857569.1,CCACAGTAG,1,0.001736
OR857569.1,CACAGTAGA,1,0.001736
OR857569.1,AGTAGAGGC,1,0.001736
OR857569.1,GGATGAACA,1,0.001736
OR857569.1,GATGAACAG,1,0.001736
OR857569.1,ATGAACAGT,1,0.001736
OR857569.1,TGAACAGTC,1,0.001736
OR857569.1,GAACAGTCT,1,0.001736
OR857569.1,AACAGTCTA,1,0.001736
OR857569.1,ACAGTCTAC,1,0.001736
OR857569.1,CAGTCTACC,1,0.001736
OR857569.1,AGTCTACCC,1,0.001736
OR857569.1,GTCTACCCA,1,0.001736
OR857569.1,TCTACCCAC,1,0.001736
OR857569.1,CTACCCACC,1,0.001736
OR857569.1,GCAACCTAG,1,0.001736
OR857569.1,CAACCTAGC,1,0.001736
OR857569.1,AACCTAGCC,1,0.001736
OR857569.1,ACCTAGCCC,1,0.001736
OR857569.1,CCTAGCCCA,1,0.001736
OR857569.1,CCCACGCCG,1,0.001736
OR857569.1,CCACGCCGG,1,0.001736
OR857569.1,GCCATCTTC,1,0.001736
OR857569.1,CCATCTTCT,1,0.001736
OR857569.1,CATCTTCTC,1,0.001736
OR857569.1,ATCTTCTCC,1,0.001736
OR857569.1,TCTTCTCCC,1,0.001736
OR857569.1,CTTCTCCCT,1,0.001736
OR857569.1,GTATCCTCC,1,0.001736
OR857569.1,TATCCTCCA,1,0.001736
OR857569.1,ATCCTCCAT,1,0.001736
OR857569.1,TCCTCCATC,1,0.001736
OR857569.1,CCTCCATCC,1,0.001736
OR857569.1,CTCCATCCT,1,0.001736
OR857569.1,TCCATCCTA,1,0.001736
OR857569.1,CCATCCTAG,1,0.001736
OR857569.1,CATCCTAGG,1,0.001736
OR857569.1,TCCTAGGAG,1,0.001736
OR857569.1,ACCGCCATC,1,0.001736
OR857569.1,CGCCATCAA,1,0.001736
OR857569.1,GCCATCAAC,1,0.001736
OR857569.1,CCATCAACA,1,0.001736
OR857569.1,CATCAACAT,1,0.001736
OR857569.1,ATCAACATA,1,0.001736
OR857569.1,TCAACATAA,1,0.001736
OR857569.1,CAACATAAA,1,0.001736
OR857569.1,AACATAAAA,1,0.001736
OR857569.1,ACATAAAAC,1,0.001736
OR857569.1,CATAAAACC,1,0.001736
OR857569.1,ATAAAACCA,1,0.001736
OR857569.1,TAAAACCAC,1,0.001736
OR857569.1,AAAACCACC,1,0.001736
OR857569.1,AAACCACCA,1,0.001736
OR857569.1,AACCACCAT,1,0.001736
OR857569.1,ACCACCATC,1,0.001736
OR857569.1,CCACCATCC,1,0.001736
OR857569.1,ACCAAACCC,1,0.001736
OR857569.1,CCAAACCCC,1,0.001736
OR857569.1,CAAACCCCC,1,0.001736
OR857569.1,AAACCCCCC,1,0.001736
OR857569.1,AACCCCCCT,1,0.001736
OR857569.1,TATTTGTGT,1,0.001736
OR857569.1,ATTTGTGTG,1,0.001736
OR857569.1,CTTATCACT,1,0.001736
OR857569.1,TTATCACTG,1,0.001736
OR857569.1,TATCACTGC,1,0.001736
OR857569.1,ATCCTCCTA,1,0.001736
OR857569.1,TCCTCCTAC,1,0.001736
OR857569.1,CCTCCTACT,1,0.001736
OR857569.1,TATCTCTCC,1,0.001736
OR857569.1,ATCTCTCCC,1,0.001736
OR857569.1,GTCCTAGCA,1,0.001736
OR857569.1,TCCTAGCAG,1,0.001736
OR857569.1,CCTAGCAGC,1,0.001736
OR857569.1,CTAGCAGCA,1,0.001736
OR857569.1,TAGCAGCAG,1,0.001736
OR857569.1,AGCAGCAGG,1,0.001736
OR857569.1,ACAGACCGC,1,0.001736
OR857569.1,CAGACCGCA,1,0.001736
OR857569.1,AGACCGCAA,1,0.001736
OR857569.1,GACCGCAAC,1,0.001736
OR857569.1,ACCGCAACC,1,0.001736
OR857569.1,CCGCAACCT,1,0.001736
OR857569.1,AACACCACA,1,0.001736
OR857569.1,ACACCACAT,1,0.001736
OR857569.1,CACCACATT,1,0.001736
OR857569.1,ACCACATTC,1,0.001736
OR857569.1,CCACATTCT,1,0.001736
OR857569.1,CACATTCTT,1,0.001736
OR857569.1,ACATTCTTT,1,0.001736
OR857569.1,CATTCTTTG,1,0.001736
OR857569.1,ATTCTTTGA,1,0.001736
OR857569.1,GGCGGAGAC,1,0.001736
OR857569.1,GCGGAGACC,1,0.001736
OR857569.1,CGGAGACCC,1,0.001736
OR857569.1,GACCCAATC,1,0.001736
OR857569.1,ACCCAATCC,1,0.001736
OR857569.1,CCCAATCCT,1,0.001736
OR857569.1,TACCAACAC,1,0.001736
OR857569.1,CACCCAGAA,1,0.001736
OR857569.1,ACCCAGAAG,1,0.001736
OR857569.1,CCCAGAAGT,1,0.001736
OR857569.1,CCAGAAGTT,1,0.001736
OR857569.1,CAGAAGTTT,1,0.001736
OR857569.1,AGAAGTTTA,1,0.001736
OR857569.1,GAAGTTTAC,1,0.001736
OR857568.1,GATCAAATC,1,0.001736
OR857568.1,ATCAAATCT,1,0.001736
OR857568.1,TCAAATCTA,1,0.001736
OR857568.1,CAAATCTAC,1,0.001736
OR857568.1,AAATCTACA,1,0.001736
OR857568.1,AATCTACAA,1,0.001736
OR857568.1,ATCTACAAC,1,0.001736
OR857568.1,TCTACAACG,1,0.001736
OR857568.1,CTACAACGT,1,0.001736
OR857568.1,TACAACGTA,1,0.001736
OR857568.1,GCCCACGCC,2,0.003472
OR857568.1,CCCACGCCT,1,0.001736
OR857568.1,CCACGCCTT,1,0.001736
OR857568.1,CACGCCTTC,1,0.001736
OR857568.1,ACGCCTTCG,1,0.001736
OR857568.1,CGCCTTCGT,1,0.001736
OR857568.1,GCCTTCGTC,1,0.001736
OR857568.1,CCTTCGTCA,1,0.001736
OR857568.1,CTTCGTCAT,1,0.001736
OR857568.1,TTCGTCATA,1,0.001736
OR857568.1,TCGTCATAA,1,0.001736
OR857568.1,CGTCATAAT,1,0.001736
OR857568.1,GTCATAATC,1,0.001736
OR857568.1,ATAATCTTC,1,0.001736
OR857568.1,TAATCTTCT,1,0.001736
OR857568.1,AATCTTCTT,1,0.001736
OR857568.1,ATCTTCTTT,1,0.001736
OR857568.1,TCTTCTTTA,1,0.001736
OR857568.1,CTTCTTTAT,1,0.001736
OR857568.1,TTCTTTATA,1,0.001736
OR857568.1,TCTTTATAG,1,0.001736
OR857568.1,CTTTATAGT,1,0.001736
OR857568.1,ATACCAATC,1,0.001736
OR857568.1,TACCAATCA,1,0.001736
OR857568.1,ACCAATCAT,1,0.001736
OR857568.1,CCAATCATG,1,0.001736
OR857568.1,CAATCATGA,1,0.001736
OR857568.1,AATCATGAT,1,0.001736
OR857568.1,GGCGGCTTT,1,0.001736
OR857568.1,GCGGCTTTG,1,0.001736
OR857568.1,CGGCTTTGG,1,0.001736
OR857568.1,GGCTTTGGA,1,0.001736
OR857568.1,GCTTTGGAA,1,0.001736
OR857568.1,CTTTGGAAA,1,0.001736
OR857568.1,TTTGGAAAC,1,0.001736
OR857568.1,TTGGAAACT,1,0.001736
OR857568.1,TGGAAACTG,1,0.001736
OR857568.1,TAATAATCG,1,0.001736
OR857568.1,AATAATCGG,1,0.001736
OR857568.1,ATAATCGGA,1,0.001736
OR857568.1,TAATCGGAG,1,0.001736
OR857568.1,AATCGGAGC,1,0.001736
OR857568.1,ATCGGAGCC,1,0.001736
OR857568.1,TCGGAGCCC,1,0.001736
OR857568.1,CGGAGCCCC,1,0.001736
OR857568.1,GACATGGCC,1,0.001736
OR857568.1,ACATGGCCT,1,0.001736
OR857568.1,CATGGCCTT,1,0.001736
OR857568.1,ATGGCCTTC,1,0.001736
OR857568.1,TGGCCTTCC,1,0.001736
OR857568.1,GGCCTTCCC,1,0.001736
OR857568.1,AACAACATA,1,0.001736
OR857568.1,ACAACATAA,1,0.001736
OR857568.1,CAACATAAG,1,0.001736
OR857568.1,AACATAAGC,1,0.001736
OR857568.1,ACATAAGCT,1,0.001736
OR857568.1,CATAAGCTT,1,0.001736
OR857568.1,ATAAGCTTC,1,0.001736
OR857568.1,TAAGCTTCT,1,0.001736
OR857568.1,AAGCTTCTG,1,0.001736
OR857568.1,AGCTTCTGA,1,0.001736
OR857568.1,GCTTCTGAC,1,0.001736
OR857568.1,CTTCTGACT,1,0.001736
OR857568.1,CTACCCCCC,1,0.001736
OR857568.1,TACCCCCCT,1,0.001736
OR857568.1,ACCCCCCTC,1,0.001736
OR857568.1,CCCCCCTCC,1,0.001736
OR857568.1,CCCCCTCCT,1,0.001736
OR857568.1,CCCCTCCTT,1,0.001736
OR857568.1,CCCTCCTTC,1,0.001736
OR857568.1,CCTCCTTCA,1,0.001736
OR857568.1,CTCCTTCAT,1,0.001736
OR857568.1,TCCTTCATA,1,0.001736
OR857568.1,CCTTCATAC,1,0.001736
OR857568.1,CTTCATACT,1,0.001736
OR857568.1,TCATACTCC,1,0.001736
OR857568.1,CATACTCCT,2,0.003472
OR857568.1,ATACTCCTC,1,0.001736
OR857568.1,TACTCCTCC,1,0.001736
OR857568.1,ACTCCTCCT,1,0.001736
OR857568.1,CTCCTAGCA,1,0.001736
OR857568.1,TCCTAGCAT,1,0.001736
OR857568.1,CCTAGCATC,1,0.001736
OR857568.1,TCCACAGTA,1,0.001736
OR857568.1,CCACAGTAG,1,0.001736
OR857568.1,CACAGTAGA,1,0.001736
OR857568.1,AGTAGAGGC,1,0.001736
OR857568.1,GGATGAACA,1,0.001736
OR857568.1,GATGAACAG,1,0.001736
OR857568.1,ATGAACAGT,1,0.001736
OR857568.1,TGAACAGTC,1,0.001736
OR857568.1,GAACAGTCT,1,0.001736
OR857568.1,AACAGTCTA,1,0.001736
OR857568.1,ACAGTCTAC,1,0.001736
OR857568.1,CAGTCTACC,1,0.001736
OR857568.1,AGTCTACCC,1,0.001736
OR857568.1,GTCTACCCA,1,0.001736
OR857568.1,TCTACCCAC,1,0.001736
OR857568.1,CTACCCACC,1,0.001736
OR857568.1,GCAACCTAG,1,0.001736
OR857568.1,CAACCTAGC,1,0.001736
OR857568.1,AACCTAGCC,1,0.001736
OR857568.1,ACCTAGCCC,1,0.001736
OR857568.1,CCTAGCCCA,1,0.001736
OR857568.1,CCCACGCCG,1,0.001736
OR857568.1,CCACGCCGG,1,0.001736
OR857568.1,GCCATCTTC,1,0.001736
OR857568.1,CCATCTTCT,1,0.001736
OR857568.1,CATCTTCTC,1,0.001736
OR857568.1,ATCTTCTCC,1,0.001736
OR857568.1,TCTTCTCCC,1,0.001736
OR857568.1,CTTCTCCCT,1,0.001736
OR857568.1,GTATCCTCC,1,0.001736
OR857568.1,TATCCTCCA,1,0.001736
OR857568.1,ATCCTCCAT,1,0.001736
OR857568.1,TCCTCCATC,1,0.001736
OR857568.1,CCTCCATCC,1,0.001736
OR857568.1,CTCCATCCT,1,0.001736
OR857568.1,TCCATCCTA,1,0.001736
OR857568.1,CCATCCTAG,1,0.001736
OR857568.1,CATCCTAGG,1,0.001736
OR857568.1,TCCTAGGAG,1,0.001736
OR857568.1,ACCGCCATC,1,0.001736
OR857568.1,CGCCATCAA,1,0.001736
OR857568.1,GCCATCAAC,1,0.001736
OR857568.1,CCATCAACA,1,0.001736
OR857568.1,CATCAACAT,1,0.001736
OR857568.1,ATCAACATA,1,0.001736
OR857568.1,TCAACATAA,1,0.001736
OR857568.1,CAACATAAA,1,0.001736
OR857568.1,AACATAAAA,1,0.001736
OR857568.1,ACATAAAAC,1,0.001736
OR857568.1,CATAAAACC,1,0.001736
OR857568.1,ATAAAACCA,1,0.001736
OR857568.1,TAAAACCAC,1,0.001736
OR857568.1,AAAACCACC,1,0.001736
OR857568.1,AAACCACCA,1,0.001736
OR857568.1,AACCACCAT,1,0.001736
OR857568.1,ACCACCATC,1,0.001736
OR857568.1,CCACCATCC,1,0.001736
OR857568.1,ACCAAACCC,1,0.001736
OR857568.1,CCAAACCCC,1,0.001736
OR857568.1,CAAACCCCC,1,0.001736
OR857568.1,AAACCCCCC,1,0.001736
OR857568.1,AACCCCCCT,1,0.001736
OR857568.1,TATTTGTGT,1,0.001736
OR857568.1,ATTTGTGTG,1,0.001736
OR857568.1,CTTATCACT,1,0.001736
OR857568.1,TTATCACTG,1,0.001736
OR857568.1,TATCACTGC,1,0.001736
OR857568.1,ATCCTCCTA,1,0.001736
OR857568.1,TCCTCCTAC,1,0.001736
OR857568.1,CCTCCTACT,1,0.001736
OR857568.1,TATCTCTCC,1,0.001736
OR857568.1,ATCTCTCCC,1,0.001736
OR857568.1,GTCCTAGCA,1,0.001736
OR857568.1,TCCTAGCAG,1,0.001736
OR857568.1,CCTAGCAGC,1,0.001736
OR857568.1,CTAGCAGCA,1,0.001736
OR857568.1,TAGCAGCAG,1,0.001736
OR857568.1,AGCAGCAGG,1,0.001736
OR857568.1,ACAGACCGC,1,0.001736
OR857568.1,CAGACCGCA,1,0.001736
OR857568.1,AGACCGCAA,1,0.001736
OR857568.1,GACCGCAAC,1,0.001736
OR857568.1,ACCGCAACC,1,0.001736
OR857568.1,CCGCAACCT,1,0.001736
OR857568.1,AACACCACA,1,0.001736
OR857568.1,ACACCACAT,1,0.001736
OR857568.1,CACCACATT,1,0.001736
OR857568.1,ACCACATTC,1,0.001736
OR857568.1,CCACATTCT,1,0.001736
OR857568.1,CACATTCTT,1,0.001736
OR857568.1,ACATTCTTT,1,0.001736
OR857568.1,CATTCTTTG,1,0.001736
OR857568.1,ATTCTTTGA,1,0.001736
OR857568.1,GGCGGAGAC,1,0.001736
OR857568.1,GCGGAGACC,1,0.001736
OR857568.1,CGGAGACCC,1,0.001736
OR857568.1,GACCCAATC,1,0.001736
OR857568.1,ACCCAATCC,1,0.001736
OR857568.1,CCCAATCCT,1,0.001736
OR857568.1,TACCAACAC,1,0.001736
OR857568.1,CACCCAGAA,1,0.001736
OR857568.1,ACCCAGAAG,1,0.001736
OR857568.1,CCCAGAAGT,1,0.001736
OR857568.1,CCAGAAGTT,1,0.001736
OR857568.1,CAGAAGTTT,1,0.001736
OR857568.1,AGAAGTTTA,1,0.001736
OR857568.1,GAAGTTTAC,1,0.001736
OR857556.1,GATCAAATC,1,0.001736
OR857556.1,ATCAAATCT,1,0.001736
OR857556.1,TCAAATCTA,1,0.001736
OR857556.1,CAAATCTAC,1,0.001736
OR857556.1,AAATCTACA,1,0.001736
OR857556.1,AATCTACAA,1,0.001736
OR857556.1,ATCTACAAC,1,0.001736
OR857556.1,TCTACAACG,1,0.001736
OR857556.1,CTACAACGT,1,0.001736
OR857556.1,TACAACGTA,1,0.001736
OR857556.1,GCCCACGCC,2,0.003472
OR857556.1,CCCACGCCT,1,0.001736
OR857556.1,CCACGCCTT,1,0.001736
OR857556.1,CACGCCTTC,1,0.001736
OR857556.1,ACGCCTTCG,1,0.001736
OR857556.1,CGCCTTCGT,1,0.001736
OR857556.1,GCCTTCGTC,1,0.001736
OR857556.1,CCTTCGTCA,1,0.001736
OR857556.1,CTTCGTCAT,1,0.001736
OR857556.1,TTCGTCATA,1,0.001736
OR857556.1,TCGTCATAA,1,0.001736
OR857556.1,CGTCATAAT,1,0.001736
OR857556.1,GTCATAATC,1,0.001736
OR857556.1,ATAATCTTC,1,0.001736
OR857556.1,TAATCTTCT,1,0.001736
OR857556.1,AATCTTCTT,1,0.001736
OR857556.1,ATCTTCTTT,1,0.001736
OR857556.1,TCTTCTTTA,1,0.001736
OR857556.1,CTTCTTTAT,1,0.001736
OR857556.1,TTCTTTATA,1,0.001736
OR857556.1,TCTTTATAG,1,0.001736
OR857556.1,CTTTATAGT,1,0.001736
OR857556.1,ATACCAATC,1,0.001736
OR857556.1,TACCAATCA,1,0.001736
OR857556.1,ACCAATCAT,1,0.001736
OR857556.1,CCAATCATG,1,0.001736
OR857556.1,CAATCATGA,1,0.001736
OR857556.1,AATCATGAT,1,0.001736
OR857556.1,GGCGGCTTT,1,0.001736
OR857556.1,GCGGCTTTG,1,0.001736
OR857556.1,CGGCTTTGG,1,0.001736
OR857556.1,GGCTTTGGA,1,0.001736
OR857556.1,GCTTTGGAA,1,0.001736
OR857556.1,CTTTGGAAA,1,0.001736
OR857556.1,TTTGGAAAC,1,0.001736
OR857556.1,TTGGAAACT,1,0.001736
OR857556.1,TGGAAACTG,1,0.001736
OR857556.1,TAATAATCG,1,0.001736
OR857556.1,AATAATCGG,1,0.001736
OR857556.1,ATAATCGGA,1,0.001736
OR857556.1,TAATCGGAG,1,0.001736
OR857556.1,AATCGGAGC,1,0.001736
OR857556.1,ATCGGAGCC,1,0.001736
OR857556.1,TCGGAGCCC,1,0.001736
OR857556.1,CGGAGCCCC,1,0.001736
OR857556.1,GACATGGCC,1,0.001736
OR857556.1,ACATGGCCT,1,0.001736
OR857556.1,CATGGCCTT,1,0.001736
OR857556.1,ATGGCCTTC,1,0.001736
OR857556.1,TGGCCTTCC,1,0.001736
OR857556.1,GGCCTTCCC,1,0.001736
OR857556.1,AACAACATA,1,0.001736
OR857556.1,ACAACATAA,1,0.001736
OR857556.1,CAACATAAG,1,0.001736
OR857556.1,AACATAAGC,1,0.001736
OR857556.1,ACATAAGCT,1,0.001736
OR857556.1,CATAAGCTT,1,0.001736
OR857556.1,ATAAGCTTC,1,0.001736
OR857556.1,TAAGCTTCT,1,0.001736
OR857556.1,AAGCTTCTG,1,0.001736
OR857556.1,AGCTTCTGA,1,0.001736
OR857556.1,GCTTCTGAC,1,0.001736
OR857556.1,CTTCTGACT,1,0.001736
OR857556.1,CTACCCCCC,1,0.001736
OR857556.1,TACCCCCCT,1,0.001736
OR857556.1,ACCCCCCTC,1,0.001736
OR857556.1,CCCCCCTCC,1,0.001736
OR857556.1,CCCCCTCCT,1,0.001736
OR857556.1,CCCCTCCTT,1,0.001736
OR857556.1,CCCTCCTTC,1,0.001736
OR857556.1,CCTCCTTCA,1,0.001736
OR857556.1,CTCCTTCAT,1,0.001736
OR857556.1,TCCTTCATA,1,0.001736
OR857556.1,CCTTCATAC,1,0.001736
OR857556.1,CTTCATACT,1,0.001736
OR857556.1,TCATACTCC,1,0.001736
OR857556.1,CATACTCCT,2,0.003472
OR857556.1,ATACTCCTC,1,0.001736
OR857556.1,TACTCCTCC,1,0.001736
OR857556.1,ACTCCTCCT,1,0.001736
OR857556.1,CTCCTAGCA,1,0.001736
OR857556.1,TCCTAGCAT,1,0.001736
OR857556.1,CCTAGCATC,1,0.001736
OR857556.1,TCCACAGTA,1,0.001736
OR857556.1,CCACAGTAG,1,0.001736
OR857556.1,CACAGTAGA,1,0.001736
OR857556.1,AGTAGAGGC,1,0.001736
OR857556.1,GGATGAACA,1,0.001736
OR857556.1,GATGAACAG,1,0.001736
OR857556.1,ATGAACAGT,1,0.001736
OR857556.1,TGAACAGTC,1,0.001736
OR857556.1,GAACAGTCT,1,0.001736
OR857556.1,AACAGTCTA,1,0.001736
OR857556.1,ACAGTCTAC,1,0.001736
OR857556.1,CAGTCTACC,1,0.001736
OR857556.1,AGTCTACCC,1,0.001736
OR857556.1,GTCTACCCA,1,0.001736
OR857556.1,TCTACCCAC,1,0.001736
OR857556.1,CTACCCACC,1,0.001736
OR857556.1,GCAACCTAG,1,0.001736
OR857556.1,CAACCTAGC,1,0.001736
OR857556.1,AACCTAGCC,1,0.001736
OR857556.1,ACCTAGCCC,1,0.001736
OR857556.1,CCTAGCCCA,1,0.001736
OR857556.1,CCCACGCCG,1,0.001736
OR857556.1,CCACGCCGG,1,0.001736
OR857556.1,GCCATCTTC,1,0.001736
OR857556.1,CCATCTTCT,1,0.001736
OR857556.1,CATCTTCTC,1,0.001736
OR857556.1,ATCTTCTCC,1,0.001736
OR857556.1,TCTTCTCCC,1,0.001736
OR857556.1,CTTCTCCCT,1,0.001736
OR857556.1,GTATCCTCC,1,0.001736
OR857556.1,TATCCTCCA,1,0.001736
OR857556.1,ATCCTCCAT,1,0.001736
OR857556.1,TCCTCCATC,1,0.001736
OR857556.1,CCTCCATCC,1,0.001736
OR857556.1,CTCCATCCT,1,0.001736
OR857556.1,TCCATCCTA,1,0.001736
OR857556.1,CCATCCTAG,1,0.001736
OR857556.1,CATCCTAGG,1,0.001736
OR857556.1,TCCTAGGAG,1,0.001736
OR857556.1,ACCGCCATC,1,0.001736
OR857556.1,CGCCATCAA,1,0.001736
OR857556.1,GCCATCAAC,1,0.001736
OR857556.1,CCATCAACA,1,0.001736
OR857556.1,CATCAACAT,1,0.001736
OR857556.1,ATCAACATA,1,0.001736
OR857556.1,TCAACATAA,1,0.001736
OR857556.1,CAACATAAA,1,0.001736
OR857556.1,AACATAAAA,1,0.001736
OR857556.1,ACATAAAAC,1,0.001736
OR857556.1,CATAAAACC,1,0.001736
OR857556.1,ATAAAACCA,1,0.001736
OR857556.1,TAAAACCAC,1,0.001736
OR857556.1,AAAACCACC,1,0.001736
OR857556.1,AAACCACCA,1,0.001736
OR857556.1,AACCACCAT,1,0.001736
OR857556.1,ACCACCATC,1,0.001736
OR857556.1,CCACCATCC,1,0.001736
OR857556.1,ACCAAACCC,1,0.001736
OR857556.1,CCAAACCCC,1,0.001736
OR857556.1,CAAACCCCC,1,0.001736
OR857556.1,AAACCCCCC,1,0.001736
OR857556.1,AACCCCCCT,1,0.001736
OR857556.1,TATTTGTGT,1,0.001736
OR857556.1,ATTTGTGTG,1,0.001736
OR857556.1,CTTATCACT,1,0.001736
OR857556.1,TTATCACTG,1,0.001736
OR857556.1,TATCACTGC,1,0.001736
OR857556.1,ATCCTCCTA,1,0.001736
OR857556.1,TCCTCCTAC,1,0.001736
OR857556.1,CCTCCTACT,1,0.001736
OR857556.1,TATCTCTCC,1,0.001736
OR857556.1,ATCTCTCCC,1,0.001736
OR857556.1,GTCCTAGCA,1,0.001736
OR857556.1,TCCTAGCAG,1,0.001736
OR857556.1,CCTAGCAGC,1,0.001736
OR857556.1,CTAGCAGCA,1,0.001736
OR857556.1,TAGCAGCAG,1,0.001736
OR857556.1,AGCAGCAGG,1,0.001736
OR857556.1,ACAGACCGC,1,0.001736
OR857556.1,CAGACCGCA,1,0.001736
OR857556.1,AGACCGCAA,1,0.001736
OR857556.1,GACCGCAAC,1,0.001736
OR857556.1,ACCGCAACC,1,0.001736
OR857556.1,CCGCAACCT,1,0.001736
OR857556.1,AACACCACA,1,0.001736
OR857556.1,ACACCACAT,1,0.001736
OR857556.1,CACCACATT,1,0.001736
OR857556.1,ACCACATTC,1,0.001736
OR857556.1,CCACATTCT,1,0.001736
OR857556.1,CACATTCTT,1,0.001736
OR857556.1,ACATTCTTT,1,0.001736
OR857556.1,CATTCTTTG,1,0.001736
OR857556.1,ATTCTTTGA,1,0.001736
OR857556.1,GGCGGAGAC,1,0.001736
OR857556.1,GCGGAGACC,1,0.001736
OR857556.1,CGGAGACCC,1,0.001736
OR857556.1,GACCCAATC,1,0.001736
OR857556.1,ACCCAATCC,1,0.001736
OR857556.1,CCCAATCCT,1,0.001736
OR857556.1,TACCAACAC,1,0.001736
OR857556.1,CACCCAGAA,1,0.001736
OR857556.1,ACCCAGAAG,1,0.001736
OR857556.1,CCCAGAAGT,1,0.001736
OR857556.1,CCAGAAGTT,1,0.001736
OR857556.1,CAGAAGTTT,1,0.001736
OR857556.1,AGAAGTTTA,1,0.001736
OR857556.1,GAAGTTTAC,1,0.001736
OR857553.1,GATCAAATC,1,0.001736
OR857553.1,ATCAAATCT,1,0.001736
OR857553.1,TCAAATCTA,1,0.001736
OR857553.1,CAAATCTAC,1,0.001736
OR857553.1,AAATCTACA,1,0.001736
OR857553.1,AATCTACAA,1,0.001736
OR857553.1,ATCTACAAC,1,0.001736
OR857553.1,TCTACAACG,1,0.001736
OR857553.1,CTACAACGT,1,0.001736
OR857553.1,TACAACGTA,1,0.001736
OR857553.1,GCCCACGCC,2,0.003472
OR857553.1,CCCACGCCT,1,0.001736
OR857553.1,CCACGCCTT,1,0.001736
OR857553.1,CACGCCTTC,1,0.001736
OR857553.1,ACGCCTTCG,1,0.001736
OR857553.1,CGCCTTCGT,1,0.001736
OR857553.1,GCCTTCGTC,1,0.001736
OR857553.1,CCTTCGTCA,1,0.001736
OR857553.1,CTTCGTCAT,1,0.001736
OR857553.1,TTCGTCATA,1,0.001736
OR857553.1,TCGTCATAA,1,0.001736
OR857553.1,CGTCATAAT,1,0.001736
OR857553.1,GTCATAATC,1,0.001736
OR857553.1,ATAATCTTC,1,0.001736
OR857553.1,TAATCTTCT,1,0.001736
OR857553.1,AATCTTCTT,1,0.001736
OR857553.1,ATCTTCTTT,1,0.001736
OR857553.1,TCTTCTTTA,1,0.001736
OR857553.1,CTTCTTTAT,1,0.001736
OR857553.1,TTCTTTATA,1,0.001736
OR857553.1,TCTTTATAG,1,0.001736
OR857553.1,CTTTATAGT,1,0.001736
OR857553.1,ATACCAATC,1,0.001736
OR857553.1,TACCAATCA,1,0.001736
OR857553.1,ACCAATCAT,1,0.001736
OR857553.1,CCAATCATG,1,0.001736
OR857553.1,CAATCATGA,1,0.001736
OR857553.1,AATCATGAT,1,0.001736
OR857553.1,GGCGGCTTT,1,0.001736
OR857553.1,GCGGCTTTG,1,0.001736
OR857553.1,CGGCTTTGG,1,0.001736
OR857553.1,GGCTTTGGA,1,0.001736
OR857553.1,GCTTTGGAA,1,0.001736
OR857553.1,CTTTGGAAA,1,0.001736
OR857553.1,TTTGGAAAC,1,0.001736
OR857553.1,TTGGAAACT,1,0.001736
OR857553.1,TGGAAACTG,1,0.001736
OR857553.1,TAATAATCG,1,0.001736
OR857553.1,AATAATCGG,1,0.001736
OR857553.1,ATAATCGGA,1,0.001736
OR857553.1,TAATCGGAG,1,0.001736
OR857553.1,AATCGGAGC,1,0.001736
OR857553.1,ATCGGAGCC,1,0.001736
OR857553.1,TCGGAGCCC,1,0.001736
OR857553.1,CGGAGCCCC,1,0.001736
OR857553.1,GACATGGCC,1,0.001736
OR857553.1,ACATGGCCT,1,0.001736
OR857553.1,CATGGCCTT,1,0.001736
OR857553.1,ATGGCCTTC,1,0.001736
OR857553.1,TGGCCTTCC,1,0.001736
OR857553.1,GGCCTTCCC,1,0.001736
OR857553.1,AACAACATA,1,0.001736
OR857553.1,ACAACATAA,1,0.001736
OR857553.1,CAACATAAG,1,0.001736
OR857553.1,AACATAAGC,1,0.001736
OR857553.1,ACATAAGCT,1,0.001736
OR857553.1,CATAAGCTT,1,0.001736
OR857553.1,ATAAGCTTC,1,0.001736
OR857553.1,TAAGCTTCT,1,0.001736
OR857553.1,AAGCTTCTG,1,0.001736
OR857553.1,AGCTTCTGA,1,0.001736
OR857553.1,GCTTCTGAC,1,0.001736
OR857553.1,CTTCTGACT,1,0.001736
OR857553.1,CTACCCCCC,1,0.001736
OR857553.1,TACCCCCCT,1,0.001736
OR857553.1,ACCCCCCTC,1,0.001736
OR857553.1,CCCCCCTCC,1,0.001736
OR857553.1,CCCCCTCCT,1,0.001736
OR857553.1,CCCCTCCTT,1,0.001736
OR857553.1,CCCTCCTTC,1,0.001736
OR857553.1,CCTCCTTCA,1,0.001736
OR857553.1,CTCCTTCAT,1,0.001736
OR857553.1,TCCTTCATA,1,0.001736
OR857553.1,CCTTCATAC,1,0.001736
OR857553.1,CTTCATACT,1,0.001736
OR857553.1,TCATACTCC,1,0.001736
OR857553.1,CATACTCCT,1,0.001736
OR857553.1,ATACTCCTC,1,0.001736
OR857553.1,TACTCCTCC,1,0.001736
OR857553.1,ACTCCTCCT,1,0.001736
OR857553.1,CTCCTAGCA,1,0.001736
OR857553.1,TCCTAGCAT,1,0.001736
OR857553.1,CCTAGCATC,1,0.001736
OR857553.1,TCCACAGTA,1,0.001736
OR857553.1,CCACAGTAG,1,0.001736
OR857553.1,CACAGTAGA,1,0.001736
OR857553.1,AGTAGAGGC,1,0.001736
OR857553.1,GGATGAACA,1,0.001736
OR857553.1,GATGAACAG,1,0.001736
OR857553.1,ATGAACAGT,1,0.001736
OR857553.1,TGAACAGTC,1,0.001736
OR857553.1,GAACAGTCT,1,0.001736
OR857553.1,AACAGTCTA,1,0.001736
OR857553.1,ACAGTCTAC,1,0.001736
OR857553.1,CAGTCTACC,1,0.001736
OR857553.1,AGTCTACCC,1,0.001736
OR857553.1,GTCTACCCA,1,0.001736
OR857553.1,TCTACCCAC,1,0.001736
OR857553.1,CTACCCACC,1,0.001736
OR857553.1,GCAACCTAG,1,0.001736
OR857553.1,CAACCTAGC,1,0.001736
OR857553.1,AACCTAGCC,1,0.001736
OR857553.1,ACCTAGCCC,1,0.001736
OR857553.1,CCTAGCCCA,1,0.001736
OR857553.1,CCCACGCCG,1,0.001736
OR857553.1,CCACGCCGG,1,0.001736
OR857553.1,GCCATCTTC,1,0.001736
OR857553.1,CCATCTTCT,1,0.001736
OR857553.1,CATCTTCTC,1,0.001736
OR857553.1,ATCTTCTCC,1,0.001736
OR857553.1,GTATCCTCC,1,0.001736
OR857553.1,TATCCTCCA,1,0.001736
OR857553.1,ATCCTCCAT,1,0.001736
OR857553.1,TCCTCCATC,1,0.001736
OR857553.1,CCTCCATCC,1,0.001736
OR857553.1,CTCCATCCT,1,0.001736
OR857553.1,TCCATCCTA,1,0.001736
OR857553.1,CCATCCTAG,1,0.001736
OR857553.1,CATCCTAGG,1,0.001736
OR857553.1,TCCTAGGAG,1,0.001736
OR857553.1,ACCGCCATC,1,0.001736
OR857553.1,CGCCATCAA,1,0.001736
OR857553.1,GCCATCAAC,1,0.001736
OR857553.1,CCATCAACA,1,0.001736
OR857553.1,CATCAACAT,1,0.001736
OR857553.1,ATCAACATA,1,0.001736
OR857553.1,TCAACATAA,1,0.001736
OR857553.1,CAACATAAA,1,0.001736
OR857553.1,AACATAAAA,1,0.001736
OR857553.1,ACATAAAAC,1,0.001736
OR857553.1,CATAAAACC,1,0.001736
OR857553.1,ATAAAACCA,1,0.001736
OR857553.1,TAAAACCAC,1,0.001736
OR857553.1,AAAACCACC,1,0.001736
OR857553.1,AAACCACCA,1,0.001736
OR857553.1,AACCACCAT,1,0.001736
OR857553.1,ACCACCATC,1,0.001736
OR857553.1,CCACCATCC,1,0.001736
OR857553.1,ACCAAACCC,1,0.001736
OR857553.1,CCAAACCCC,1,0.001736
OR857553.1,CAAACCCCC,1,0.001736
OR857553.1,AAACCCCCC,1,0.001736
OR857553.1,AACCCCCCT,1,0.001736
OR857553.1,TATTTGTGT,1,0.001736
OR857553.1,ATTTGTGTG,1,0.001736
OR857553.1,CTTATCACT,1,0.001736
OR857553.1,TTATCACTG,1,0.001736
OR857553.1,TATCACTGC,1,0.001736
OR857553.1,ATCCTCCTA,1,0.001736
OR857553.1,TCCTCCTAC,1,0.001736
OR857553.1,CCTCCTACT,1,0.001736
OR857553.1,TATCTCTCC,1,0.001736
OR857553.1,ATCTCTCCC,1,0.001736
OR857553.1,GTCCTAGCA,1,0.001736
OR857553.1,TCCTAGCAG,1,0.001736
OR857553.1,CCTAGCAGC,1,0.001736
OR857553.1,CTAGCAGCA,1,0.001736
OR857553.1,TAGCAGCAG,1,0.001736
OR857553.1,AGCAGCAGG,1,0.001736
OR857553.1,ACAGACCGC,1,0.001736
OR857553.1,CAGACCGCA,1,0.001736
OR857553.1,AGACCGCAA,1,0.001736
OR857553.1,GACCGCAAC,1,0.001736
OR857553.1,ACCGCAACC,1,0.001736
OR857553.1,CCGCAACCT,1,0.001736
OR857553.1,AACACCACA,1,0.001736
OR857553.1,ACACCACAT,1,0.001736
OR857553.1,CACCACATT,1,0.001736
OR857553.1,ACCACATTC,1,0.001736
OR857553.1,CCACATTCT,1,0.001736
OR857553.1,CACATTCTT,1,0.001736
OR857553.1,ACATTCTTT,1,0.001736
OR857553.1,CATTCTTTG,1,0.001736
OR857553.1,ATTCTTTGA,1,0.001736
OR857553.1,GACCCAATC,1,0.001736
OR857553.1,ACCCAATCC,1,0.001736
OR857553.1,CCCAATCCT,1,0.001736
OR857553.1,TACCAACAC,1,0.001736
OR857553.1,CACCCAGAA,1,0.001736
OR857553.1,ACCCAGAAG,1,0.001736
OR857553.1,CCCAGAAGT,1,0.001736
OR857553.1,CCAGAAGTT,1,0.001736
OR857553.1,CAGAAGTTT,1,0.001736
OR857553.1,AGAAGTTTA,1,0.001736
OR857553.1,GAAGTTTAC,1,0.001736
OR857549.1,GATCAAATC,1,0.001736
OR857549.1,ATCAAATCT,1,0.001736
OR857549.1,TCAAATCTA,1,0.001736
OR857549.1,CAAATCTAC,1,0.001736
OR857549.1,AAATCTACA,1,0.001736
OR857549.1,AATCTACAA,1,0.001736
OR857549.1,ATCTACAAC,1,0.001736
OR857549.1,TCTACAACG,1,0.001736
OR857549.1,CTACAACGT,1,0.001736
OR857549.1,TACAACGTA,1,0.001736
OR857549.1,GCCCACGCC,2,0.003472
OR857549.1,CCCACGCCT,1,0.001736
OR857549.1,CCACGCCTT,1,0.001736
OR857549.1,CACGCCTTC,1,0.001736
OR857549.1,ACGCCTTCG,1,0.001736
OR857549.1,CGCCTTCGT,1,0.001736
OR857549.1,GCCTTCGTC,1,0.001736
OR857549.1,CCTTCGTCA,1,0.001736
OR857549.1,CTTCGTCAT,1,0.001736
OR857549.1,TTCGTCATA,1,0.001736
OR857549.1,TCGTCATAA,1,0.001736
OR857549.1,CGTCATAAT,1,0.001736
OR857549.1,GTCATAATC,1,0.001736
OR857549.1,ATAATCTTC,1,0.001736
OR857549.1,TAATCTTCT,1,0.001736
OR857549.1,AATCTTCTT,1,0.001736
OR857549.1,ATCTTCTTT,1,0.001736
OR857549.1,TCTTCTTTA,1,0.001736
OR857549.1,CTTCTTTAT,1,0.001736
OR857549.1,TTCTTTATA,1,0.001736
OR857549.1,TCTTTATAG,1,0.001736
OR857549.1,CTTTATAGT,1,0.001736
OR857549.1,ATACCAATC,1,0.001736
OR857549.1,TACCAATCA,1,0.001736
OR857549.1,ACCAATCAT,1,0.001736
OR857549.1,CCAATCATG,1,0.001736
OR857549.1,CAATCATGA,1,0.001736
OR857549.1,AATCATGAT,1,0.001736
OR857549.1,GGCGGCTTT,1,0.001736
OR857549.1,GCGGCTTTG,1,0.001736
OR857549.1,CGGCTTTGG,1,0.001736
OR857549.1,GGCTTTGGA,1,0.001736
OR857549.1,GCTTTGGAA,1,0.001736
OR857549.1,CTTTGGAAA,1,0.001736
OR857549.1,TTTGGAAAC,1,0.001736
OR857549.1,TTGGAAACT,1,0.001736
OR857549.1,TGGAAACTG,1,0.001736
OR857549.1,TAATAATCG,1,0.001736
OR857549.1,AATAATCGG,1,0.001736
OR857549.1,ATAATCGGA,1,0.001736
OR857549.1,TAATCGGAG,1,0.001736
OR857549.1,AATCGGAGC,1,0.001736
OR857549.1,ATCGGAGCC,1,0.001736
OR857549.1,TCGGAGCCC,1,0.001736
OR857549.1,CGGAGCCCC,1,0.001736
OR857549.1,GACATGGCC,1,0.001736
OR857549.1,ACATGGCCT,1,0.001736
OR857549.1,CATGGCCTT,1,0.001736
OR857549.1,ATGGCCTTC,1,0.001736
OR857549.1,TGGCCTTCC,1,0.001736
OR857549.1,GGCCTTCCC,1,0.001736
OR857549.1,AACAACATA,1,0.001736
OR857549.1,ACAACATAA,1,0.001736
OR857549.1,CAACATAAG,1,0.001736
OR857549.1,AACATAAGC,1,0.001736
OR857549.1,ACATAAGCT,1,0.001736
OR857549.1,CATAAGCTT,1,0.001736
OR857549.1,ATAAGCTTC,1,0.001736
OR857549.1,TAAGCTTCT,1,0.001736
OR857549.1,AAGCTTCTG,1,0.001736
OR857549.1,AGCTTCTGA,1,0.001736
OR857549.1,GCTTCTGAC,1,0.001736
OR857549.1,CTTCTGACT,1,0.001736
OR857549.1,CTACCCCCC,1,0.001736
OR857549.1,TACCCCCCT,1,0.001736
OR857549.1,ACCCCCCTC,1,0.001736
OR857549.1,CCCCCCTCC,1,0.001736
OR857549.1,CCCCCTCCT,1,0.001736
OR857549.1,CCCCTCCTT,1,0.001736
OR857549.1,CCCTCCTTC,1,0.001736
OR857549.1,CCTCCTTCA,1,0.001736
OR857549.1,CTCCTTCAT,1,0.001736
OR857549.1,TCCTTCATA,1,0.001736
OR857549.1,CCTTCATAC,1,0.001736
OR857549.1,CTTCATACT,1,0.001736
OR857549.1,TCATACTCC,1,0.001736
OR857549.1,CATACTCCT,1,0.001736
OR857549.1,ATACTCCTC,1,0.001736
OR857549.1,TACTCCTCC,1,0.001736
OR857549.1,ACTCCTCCT,1,0.001736
OR857549.1,CTCCTAGCA,1,0.001736
OR857549.1,TCCTAGCAT,1,0.001736
OR857549.1,CCTAGCATC,1,0.001736
OR857549.1,TCCACAGTA,1,0.001736
OR857549.1,CCACAGTAG,1,0.001736
OR857549.1,CACAGTAGA,1,0.001736
OR857549.1,AGTAGAGGC,1,0.001736
OR857549.1,GGATGAACA,1,0.001736
OR857549.1,GATGAACAG,1,0.001736
OR857549.1,ATGAACAGT,1,0.001736
OR857549.1,TGAACAGTC,1,0.001736
OR857549.1,GAACAGTCT,1,0.001736
OR857549.1,AACAGTCTA,1,0.001736
OR857549.1,ACAGTCTAC,1,0.001736
OR857549.1,CAGTCTACC,1,0.001736
OR857549.1,AGTCTACCC,1,0.001736
OR857549.1,GTCTACCCA,1,0.001736
OR857549.1,TCTACCCAC,1,0.001736
OR857549.1,CTACCCACC,1,0.001736
OR857549.1,GCAACCTAG,1,0.001736
OR857549.1,CAACCTAGC,1,0.001736
OR857549.1,AACCTAGCC,1,0.001736
OR857549.1,ACCTAGCCC,1,0.001736
OR857549.1,CCTAGCCCA,1,0.001736
OR857549.1,CCCACGCCG,1,0.001736
OR857549.1,CCACGCCGG,1,0.001736
OR857549.1,GCCATCTTC,1,0.001736
OR857549.1,CCATCTTCT,1,0.001736
OR857549.1,CATCTTCTC,1,0.001736
OR857549.1,ATCTTCTCC,1,0.001736
OR857549.1,GTATCCTCC,1,0.001736
OR857549.1,TATCCTCCA,1,0.001736
OR857549.1,ATCCTCCAT,1,0.001736
OR857549.1,TCCTCCATC,1,0.001736
OR857549.1,CCTCCATCC,1,0.001736
OR857549.1,CTCCATCCT,1,0.001736
OR857549.1,TCCATCCTA,1,0.001736
OR857549.1,CCATCCTAG,1,0.001736
OR857549.1,CATCCTAGG,1,0.001736
OR857549.1,TCCTAGGAG,1,0.001736
OR857549.1,ACCGCCATC,1,0.001736
OR857549.1,CGCCATCAA,1,0.001736
OR857549.1,GCCATCAAC,1,0.001736
OR857549.1,CCATCAACA,1,0.001736
OR857549.1,CATCAACAT,1,0.001736
OR857549.1,ATCAACATA,1,0.001736
OR857549.1,TCAACATAA,1,0.001736
OR857549.1,CAACATAAA,1,0.001736
OR857549.1,AACATAAAA,1,0.001736
OR857549.1,ACATAAAAC,1,0.001736
OR857549.1,CATAAAACC,1,0.001736
OR857549.1,ATAAAACCA,1,0.001736
OR857549.1,TAAAACCAC,1,0.001736
OR857549.1,AAAACCACC,1,0.001736
OR857549.1,AAACCACCA,1,0.001736
OR857549.1,AACCACCAT,1,0.001736
OR857549.1,ACCACCATC,1,0.001736
OR857549.1,CCACCATCC,1,0.001736
OR857549.1,ACCAAACCC,1,0.001736
OR857549.1,CCAAACCCC,1,0.001736
OR857549.1,CAAACCCCC,1,0.001736
OR857549.1,AAACCCCCC,1,0.001736
OR857549.1,AACCCCCCT,1,0.001736
OR857549.1,TATTTGTGT,1,0.001736
OR857549.1,ATTTGTGTG,1,0.001736
OR857549.1,CTTATCACT,1,0.001736
OR857549.1,TTATCACTG,1,0.001736
OR857549.1,TATCACTGC,1,0.001736
OR857549.1,ATCCTCCTA,1,0.001736
OR857549.1,TCCTCCTAC,1,0.001736
OR857549.1,CCTCCTACT,1,0.001736
OR857549.1,TATCTCTCC,1,0.001736
OR857549.1,ATCTCTCCC,1,0.001736
OR857549.1,GTCCTAGCA,1,0.001736
OR857549.1,TCCTAGCAG,1,0.001736
OR857549.1,CCTAGCAGC,1,0.001736
OR857549.1,CTAGCAGCA,1,0.001736
OR857549.1,TAGCAGCAG,1,0.001736
OR857549.1,AGCAGCAGG,1,0.001736
OR857549.1,ACAGACCGC,1,0.001736
OR857549.1,CAGACCGCA,1,0.001736
OR857549.1,AGACCGCAA,1,0.001736
OR857549.1,GACCGCAAC,1,0.001736
OR857549.1,ACCGCAACC,1,0.001736
OR857549.1,CCGCAACCT,1,0.001736
OR857549.1,AACACCACA,1,0.001736
OR857549.1,ACACCACAT,1,0.001736
OR857549.1,CACCACATT,1,0.001736
OR857549.1,ACCACATTC,1,0.001736
OR857549.1,CCACATTCT,1,0.001736
OR857549.1,CACATTCTT,1,0.001736
OR857549.1,ACATTCTTT,1,0.001736
OR857549.1,CATTCTTTG,1,0.001736
OR857549.1,ATTCTTTGA,1,0.001736
OR857549.1,GACCCAATC,1,0.001736
OR857549.1,ACCCAATCC,1,0.001736
OR857549.1,CCCAATCCT,1,0.001736
OR857549.1,TACCAACAC,1,0.001736
OR857549.1,CACCCAGAA,1,0.001736
OR857549.1,ACCCAGAAG,1,0.001736
OR857549.1,CCCAGAAGT,1,0.001736
OR857549.1,CCAGAAGTT,1,0.001736
OR857549.1,CAGAAGTTT,1,0.001736
OR857549.1,AGAAGTTTA,1,0.001736
OR857549.1,GAAGTTTAC,1,0.001736
OR857543.1,GATCAAATC,1,0.001736
OR857543.1,ATCAAATCT,1,0.001736
OR857543.1,TCAAATCTA,1,0.001736
OR857543.1,CAAATCTAC,1,0.001736
OR857543.1,AAATCTACA,1,0.001736
OR857543.1,AATCTACAA,1,0.001736
OR857543.1,ATCTACAAC,1,0.001736
OR857543.1,TCTACAACG,1,0.001736
OR857543.1,CTACAACGT,1,0.001736
OR857543.1,TACAACGTA,1,0.001736
OR857543.1,GCCCACGCC,2,0.003472
OR857543.1,CCCACGCCT,1,0.001736
OR857543.1,CCACGCCTT,1,0.001736
OR857543.1,CACGCCTTC,1,0.001736
OR857543.1,ACGCCTTCG,1,0.001736
OR857543.1,CGCCTTCGT,1,0.001736
OR857543.1,GCCTTCGTC,1,0.001736
OR857543.1,CCTTCGTCA,1,0.001736
OR857543.1,CTTCGTCAT,1,0.001736
OR857543.1,TTCGTCATA,1,0.001736
OR857543.1,TCGTCATAA,1,0.001736
OR857543.1,CGTCATAAT,1,0.001736
OR857543.1,GTCATAATC,1,0.001736
OR857543.1,ATAATCTTC,1,0.001736
OR857543.1,TAATCTTCT,1,0.001736
OR857543.1,AATCTTCTT,1,0.001736
OR857543.1,ATCTTCTTT,1,0.001736
OR857543.1,TCTTCTTTA,1,0.001736
OR857543.1,CTTCTTTAT,1,0.001736
OR857543.1,TTCTTTATA,1,0.001736
OR857543.1,TCTTTATAG,1,0.001736
OR857543.1,CTTTATAGT,1,0.001736
OR857543.1,ATACCAATC,1,0.001736
OR857543.1,TACCAATCA,1,0.001736
OR857543.1,ACCAATCAT,1,0.001736
OR857543.1,CCAATCATG,1,0.001736
OR857543.1,CAATCATGA,1,0.001736
OR857543.1,AATCATGAT,1,0.001736
OR857543.1,GGCGGCTTT,1,0.001736
OR857543.1,GCGGCTTTG,1,0.001736
OR857543.1,CGGCTTTGG,1,0.001736
OR857543.1,GGCTTTGGA,1,0.001736
OR857543.1,GCTTTGGAA,1,0.001736
OR857543.1,CTTTGGAAA,1,0.001736
OR857543.1,TTTGGAAAC,1,0.001736
OR857543.1,TTGGAAACT,1,0.001736
OR857543.1,TGGAAACTG,1,0.001736
OR857543.1,TAATAATCG,1,0.001736
OR857543.1,AATAATCGG,1,0.001736
OR857543.1,ATAATCGGA,1,0.001736
OR857543.1,TAATCGGAG,1,0.001736
OR857543.1,AATCGGAGC,1,0.001736
OR857543.1,ATCGGAGCC,1,0.001736
OR857543.1,TCGGAGCCC,1,0.001736
OR857543.1,CGGAGCCCC,1,0.001736
OR857543.1,GACATGGCC,1,0.001736
OR857543.1,ACATGGCCT,1,0.001736
OR857543.1,CATGGCCTT,1,0.001736
OR857543.1,ATGGCCTTC,1,0.001736
OR857543.1,TGGCCTTCC,1,0.001736
OR857543.1,GGCCTTCCC,1,0.001736
OR857543.1,AACAACATA,1,0.001736
OR857543.1,ACAACATAA,1,0.001736
OR857543.1,CAACATAAG,1,0.001736
OR857543.1,AACATAAGC,1,0.001736
OR857543.1,ACATAAGCT,1,0.001736
OR857543.1,CATAAGCTT,1,0.001736
OR857543.1,ATAAGCTTC,1,0.001736
OR857543.1,TAAGCTTCT,1,0.001736
OR857543.1,AAGCTTCTG,1,0.001736
OR857543.1,AGCTTCTGA,1,0.001736
OR857543.1,GCTTCTGAC,1,0.001736
OR857543.1,CTTCTGACT,1,0.001736
OR857543.1,CTACCCCCC,1,0.001736
OR857543.1,TACCCCCCT,1,0.001736
OR857543.1,ACCCCCCTC,1,0.001736
OR857543.1,CCCCCCTCC,1,0.001736
OR857543.1,CCCCCTCCT,1,0.001736
OR857543.1,CCCCTCCTT,1,0.001736
OR857543.1,CCCTCCTTC,1,0.001736
OR857543.1,CCTCCTTCA,1,0.001736
OR857543.1,CTCCTTCAT,1,0.001736
OR857543.1,TCCTTCATA,1,0.001736
OR857543.1,CCTTCATAC,1,0.001736
OR857543.1,CTTCATACT,1,0.001736
OR857543.1,TCATACTCC,1,0.001736
OR857543.1,CATACTCCT,2,0.003472
OR857543.1,ATACTCCTC,1,0.001736
OR857543.1,TACTCCTCC,1,0.001736
OR857543.1,ACTCCTCCT,1,0.001736
OR857543.1,CTCCTAGCA,1,0.001736
OR857543.1,TCCTAGCAT,1,0.001736
OR857543.1,CCTAGCATC,1,0.001736
OR857543.1,TCCACAGTA,1,0.001736
OR857543.1,CCACAGTAG,1,0.001736
OR857543.1,CACAGTAGA,1,0.001736
OR857543.1,AGTAGAGGC,1,0.001736
OR857543.1,GGATGAACA,1,0.001736
OR857543.1,GATGAACAG,1,0.001736
OR857543.1,ATGAACAGT,1,0.001736
OR857543.1,TGAACAGTC,1,0.001736
OR857543.1,GAACAGTCT,1,0.001736
OR857543.1,AACAGTCTA,1,0.001736
OR857543.1,ACAGTCTAC,1,0.001736
OR857543.1,CAGTCTACC,1,0.001736
OR857543.1,AGTCTACCC,1,0.001736
OR857543.1,GTCTACCCA,1,0.001736
OR857543.1,TCTACCCAC,1,0.001736
OR857543.1,CTACCCACC,1,0.001736
OR857543.1,GCAACCTAG,1,0.001736
OR857543.1,CAACCTAGC,1,0.001736
OR857543.1,AACCTAGCC,1,0.001736
OR857543.1,ACCTAGCCC,1,0.001736
OR857543.1,CCTAGCCCA,1,0.001736
OR857543.1,CCCACGCCG,1,0.001736
OR857543.1,CCACGCCGG,1,0.001736
OR857543.1,GCCATCTTC,1,0.001736
OR857543.1,CCATCTTCT,1,0.001736
OR857543.1,CATCTTCTC,1,0.001736
OR857543.1,ATCTTCTCC,1,0.001736
OR857543.1,TCTTCTCCC,1,0.001736
OR857543.1,CTTCTCCCT,1,0.001736
OR857543.1,GTATCCTCC,1,0.001736
OR857543.1,TATCCTCCA,1,0.001736
OR857543.1,ATCCTCCAT,1,0.001736
OR857543.1,TCCTCCATC,1,0.001736
OR857543.1,CCTCCATCC,1,0.001736
OR857543.1,CTCCATCCT,1,0.001736
OR857543.1,TCCATCCTA,1,0.001736
OR857543.1,CCATCCTAG,1,0.001736
OR857543.1,CATCCTAGG,1,0.001736
OR857543.1,TCCTAGGAG,1,0.001736
OR857543.1,ACCGCCATC,1,0.001736
OR857543.1,CGCCATCAA,1,0.001736
OR857543.1,GCCATCAAC,1,0.001736
OR857543.1,CCATCAACA,1,0.001736
OR857543.1,CATCAACAT,1,0.001736
OR857543.1,ATCAACATA,1,0.001736
OR857543.1,TCAACATAA,1,0.001736
OR857543.1,CAACATAAA,1,0.001736
OR857543.1,AACATAAAA,1,0.001736
OR857543.1,ACATAAAAC,1,0.001736
OR857543.1,CATAAAACC,1,0.001736
OR857543.1,ATAAAACCA,1,0.001736
OR857543.1,TAAAACCAC,1,0.001736
OR857543.1,AAAACCACC,1,0.001736
OR857543.1,AAACCACCA,1,0.001736
OR857543.1,AACCACCAT,1,0.001736
OR857543.1,ACCACCATC,1,0.001736
OR857543.1,CCACCATCC,1,0.001736
OR857543.1,ACCAAACCC,1,0.001736
OR857543.1,CCAAACCCC,1,0.001736
OR857543.1,CAAACCCCC,1,0.001736
OR857543.1,AAACCCCCC,1,0.001736
OR857543.1,AACCCCCCT,1,0.001736
OR857543.1,TATTTGTGT,1,0.001736
OR857543.1,ATTTGTGTG,1,0.001736
OR857543.1,CTTATCACT,1,0.001736
OR857543.1,TTATCACTG,1,0.001736
OR857543.1,TATCACTGC,1,0.001736
OR857543.1,ATCCTCCTA,1,0.001736
OR857543.1,TCCTCCTAC,1,0.001736
OR857543.1,CCTCCTACT,1,0.001736
OR857543.1,TATCTCTCC,1,0.001736
OR857543.1,ATCTCTCCC,1,0.001736
OR857543.1,GTCCTAGCA,1,0.001736
OR857543.1,TCCTAGCAG,1,0.001736
OR857543.1,CCTAGCAGC,1,0.001736
OR857543.1,CTAGCAGCA,1,0.001736
OR857543.1,TAGCAGCAG,1,0.001736
OR857543.1,AGCAGCAGG,1,0.001736
OR857543.1,ACAGACCGC,1,0.001736
OR857543.1,CAGACCGCA,1,0.001736
OR857543.1,AGACCGCAA,1,0.001736
OR857543.1,GACCGCAAC,1,0.001736
OR857543.1,ACCGCAACC,1,0.001736
OR857543.1,CCGCAACCT,1,0.001736
OR857543.1,AACACCACA,1,0.001736
OR857543.1,ACACCACAT,1,0.001736
OR857543.1,CACCACATT,1,0.001736
OR857543.1,ACCACATTC,1,0.001736
OR857543.1,CCACATTCT,1,0.001736
OR857543.1,CACATTCTT,1,0.001736
OR857543.1,ACATTCTTT,1,0.001736
OR857543.1,CATTCTTTG,1,0.001736
OR857543.1,ATTCTTTGA,1,0.001736
OR857543.1,GGCGGAGAC,1,0.001736
OR857543.1,GCGGAGACC,1,0.001736
OR857543.1,CGGAGACCC,1,0.001736
OR857543.1,GACCCAATC,1,0.001736
OR857543.1,ACCCAATCC,1,0.001736
OR857543.1,CCCAATCCT,1,0.001736
OR857543.1,TACCAACAC,1,0.001736
OR857543.1,CACCCAGAA,1,0.001736
OR857543.1,ACCCAGAAG,1,0.001736
OR857543.1,CCCAGAAGT,1,0.001736
OR857543.1,CCAGAAGTT,1,0.001736
OR857543.1,CAGAAGTTT,1,0.001736
OR857543.1,AGAAGTTTA,1,0.001736
OR857543.1,GAAGTTTAC,1,0.001736
